::1 - - [29/Apr/2026 12:37:36] "GET / HTTP/1.1" 200 -
::1 - - [29/Apr/2026 12:37:56] "GET / HTTP/1.1" 200 -
::1 - - [29/Apr/2026 12:38:52] "GET / HTTP/1.1" 200 -
::1 - - [29/Apr/2026 12:38:56] "GET /assets/audio/buddha-music/music_manifest.json HTTP/1.1" 200 -
::1 - - [29/Apr/2026 12:38:56] "GET /assets/data/shrine_offerings.json HTTP/1.1" 200 -
::1 - - [29/Apr/2026 12:38:56] "GET /assets/data/gathas.json?v=20260428_layout_v4 HTTP/1.1" 200 -
::1 - - [29/Apr/2026 12:38:56] "GET /assets/images/deities/amitabha.png?v=20260428_layout_v4 HTTP/1.1" 200 -
::1 - - [29/Apr/2026 12:38:56] "GET /assets/images/deities/vajrasattva.png?v=20260428_layout_v4 HTTP/1.1" 200 -
::1 - - [29/Apr/2026 12:38:56] "GET /assets/images/deities/padmasambhava.png?v=20260428_layout_v4 HTTP/1.1" 200 -
::1 - - [29/Apr/2026 12:38:56] "GET /assets/images/deities/manjushri.png?v=20260428_layout_v4 HTTP/1.1" 200 -
::1 - - [29/Apr/2026 12:38:56] "GET /assets/images/deities/yaoshi-buddha.png?v=20260428_layout_v4 HTTP/1.1" 200 -
::1 - - [29/Apr/2026 12:38:56] "GET /assets/images/deities/shakyamuni.png?v=20260428_layout_v4 HTTP/1.1" 200 -
::1 - - [29/Apr/2026 12:38:56] "GET /assets/images/deities/chenrezig-four-arm.png?v=20260428_layout_v4 HTTP/1.1" 200 -
::1 - - [29/Apr/2026 12:38:56] "GET /assets/images/deities/green-tara.png?v=20260428_layout_v4 HTTP/1.1" 200 -
::1 - - [29/Apr/2026 12:38:56] "GET /assets/images/deities/ksitigarbha.png?v=20260428_layout_v4 HTTP/1.1" 200 -
::1 - - [29/Apr/2026 12:38:56] "GET /assets/images/deities/yellow-jambhala.png?v=20260428_layout_v4 HTTP/1.1" 200 -
::1 - - [29/Apr/2026 12:38:56] "GET /assets/images/offerings/lamp.png?v=20260428_layout_v4 HTTP/1.1" 200 -
::1 - - [29/Apr/2026 12:38:56] "GET /assets/images/offerings/incense.png?v=20260428_layout_v4 HTTP/1.1" 200 -
::1 - - [29/Apr/2026 12:38:56] "GET /assets/images/offerings/water.png?v=20260428_layout_v4 HTTP/1.1" 200 -
::1 - - [29/Apr/2026 12:38:56] "GET /assets/images/offerings/flower.png?v=20260428_layout_v4 HTTP/1.1" 200 -
::1 - - [29/Apr/2026 12:38:56] "GET /assets/images/offerings/fruit.png?v=20260428_layout_v4 HTTP/1.1" 200 -
::1 - - [29/Apr/2026 12:38:56] "GET /assets/images/offerings/torma.png?v=20260428_layout_v4 HTTP/1.1" 200 -
::1 - - [29/Apr/2026 12:38:56] "GET /assets/images/offerings/mandala.png?v=20260428_layout_v4 HTTP/1.1" 200 -
::1 - - [29/Apr/2026 12:38:56] "GET /assets/images/symbols/parasol.png?v=20260428_layout_v4 HTTP/1.1" 200 -
::1 - - [29/Apr/2026 12:38:56] "GET /assets/images/symbols/golden-fish.png?v=20260428_layout_v4 HTTP/1.1" 200 -
::1 - - [29/Apr/2026 12:38:56] "GET /assets/images/symbols/treasure-vase.png?v=20260428_layout_v4 HTTP/1.1" 200 -
::1 - - [29/Apr/2026 12:38:56] "GET /assets/images/symbols/lotus.png?v=20260428_layout_v4 HTTP/1.1" 200 -
::1 - - [29/Apr/2026 12:38:56] "GET /assets/images/symbols/conch.png?v=20260428_layout_v4 HTTP/1.1" 200 -
::1 - - [29/Apr/2026 12:38:57] "GET /assets/images/symbols/endless-knot.png?v=20260428_layout_v4 HTTP/1.1" 200 -
::1 - - [29/Apr/2026 12:38:57] "GET /assets/images/symbols/victory-banner.png?v=20260428_layout_v4 HTTP/1.1" 200 -
::1 - - [29/Apr/2026 12:38:57] "GET /assets/images/symbols/dharma-wheel.png?v=20260428_layout_v4 HTTP/1.1" 200 -
::1 - - [29/Apr/2026 12:39:07] "GET /assets/audio/buddha-music/music-01.mp3 HTTP/1.1" 200 -
----------------------------------------
Exception occurred during processing of request from ('::1', 61068, 0, 0)
Traceback (most recent call last):
  File "C:\Users\biung\AppData\Local\Programs\Python\Python312\Lib\socketserver.py", line 697, in process_request_thread
    self.finish_request(request, client_address)
  File "C:\Users\biung\AppData\Local\Programs\Python\Python312\Lib\http\server.py", line 1311, in finish_request
    self.RequestHandlerClass(request, client_address, self,
  File "C:\Users\biung\AppData\Local\Programs\Python\Python312\Lib\http\server.py", line 672, in __init__
    super().__init__(*args, **kwargs)
  File "C:\Users\biung\AppData\Local\Programs\Python\Python312\Lib\socketserver.py", line 766, in __init__
    self.handle()
  File "C:\Users\biung\AppData\Local\Programs\Python\Python312\Lib\http\server.py", line 436, in handle
    self.handle_one_request()
  File "C:\Users\biung\AppData\Local\Programs\Python\Python312\Lib\http\server.py", line 424, in handle_one_request
    method()
  File "C:\Users\biung\AppData\Local\Programs\Python\Python312\Lib\http\server.py", line 679, in do_GET
    self.copyfile(f, self.wfile)
  File "C:\Users\biung\AppData\Local\Programs\Python\Python312\Lib\http\server.py", line 878, in copyfile
    shutil.copyfileobj(source, outputfile)
  File "C:\Users\biung\AppData\Local\Programs\Python\Python312\Lib\shutil.py", line 204, in copyfileobj
    fdst_write(buf)
  File "C:\Users\biung\AppData\Local\Programs\Python\Python312\Lib\socketserver.py", line 845, in write
    self._sock.sendall(b)
ConnectionResetError: [WinError 10054] 遠端主機已強制關閉一個現存的連線。
----------------------------------------
::1 - - [29/Apr/2026 12:39:31] "GET / HTTP/1.1" 200 -
::1 - - [29/Apr/2026 12:39:32] "GET /assets/audio/buddha-music/music_manifest.json HTTP/1.1" 200 -
::1 - - [29/Apr/2026 12:39:32] "GET /assets/data/shrine_offerings.json HTTP/1.1" 200 -
::1 - - [29/Apr/2026 12:39:32] "GET /assets/data/gathas.json?v=20260428_layout_v4 HTTP/1.1" 200 -
::1 - - [29/Apr/2026 12:39:32] "GET /assets/images/deities/shakyamuni.png?v=20260428_layout_v4 HTTP/1.1" 200 -
::1 - - [29/Apr/2026 12:39:32] "GET /assets/images/deities/yaoshi-buddha.png?v=20260428_layout_v4 HTTP/1.1" 200 -
::1 - - [29/Apr/2026 12:39:32] "GET /assets/images/deities/amitabha.png?v=20260428_layout_v4 HTTP/1.1" 200 -
::1 - - [29/Apr/2026 12:39:32] "GET /assets/images/deities/padmasambhava.png?v=20260428_layout_v4 HTTP/1.1" 200 -
::1 - - [29/Apr/2026 12:39:32] "GET /assets/images/deities/vajrasattva.png?v=20260428_layout_v4 HTTP/1.1" 200 -
::1 - - [29/Apr/2026 12:39:32] "GET /assets/images/deities/manjushri.png?v=20260428_layout_v4 HTTP/1.1" 200 -
::1 - - [29/Apr/2026 12:39:32] "GET /assets/images/deities/chenrezig-four-arm.png?v=20260428_layout_v4 HTTP/1.1" 200 -
::1 - - [29/Apr/2026 12:39:32] "GET /assets/images/deities/green-tara.png?v=20260428_layout_v4 HTTP/1.1" 200 -
::1 - - [29/Apr/2026 12:39:32] "GET /assets/images/deities/ksitigarbha.png?v=20260428_layout_v4 HTTP/1.1" 200 -
::1 - - [29/Apr/2026 12:39:32] "GET /assets/images/deities/yellow-jambhala.png?v=20260428_layout_v4 HTTP/1.1" 200 -
::1 - - [29/Apr/2026 12:39:32] "GET /assets/images/offerings/lamp.png?v=20260428_layout_v4 HTTP/1.1" 200 -
::1 - - [29/Apr/2026 12:39:32] "GET /assets/images/offerings/incense.png?v=20260428_layout_v4 HTTP/1.1" 200 -
::1 - - [29/Apr/2026 12:39:32] "GET /assets/images/offerings/water.png?v=20260428_layout_v4 HTTP/1.1" 200 -
::1 - - [29/Apr/2026 12:39:32] "GET /assets/images/offerings/flower.png?v=20260428_layout_v4 HTTP/1.1" 200 -
::1 - - [29/Apr/2026 12:39:32] "GET /assets/images/offerings/fruit.png?v=20260428_layout_v4 HTTP/1.1" 200 -
::1 - - [29/Apr/2026 12:39:32] "GET /assets/images/offerings/torma.png?v=20260428_layout_v4 HTTP/1.1" 200 -
::1 - - [29/Apr/2026 12:39:32] "GET /assets/images/offerings/mandala.png?v=20260428_layout_v4 HTTP/1.1" 200 -
::1 - - [29/Apr/2026 12:39:32] "GET /assets/images/symbols/parasol.png?v=20260428_layout_v4 HTTP/1.1" 200 -
::1 - - [29/Apr/2026 12:39:32] "GET /assets/images/symbols/golden-fish.png?v=20260428_layout_v4 HTTP/1.1" 200 -
::1 - - [29/Apr/2026 12:39:32] "GET /assets/images/symbols/treasure-vase.png?v=20260428_layout_v4 HTTP/1.1" 200 -
::1 - - [29/Apr/2026 12:39:32] "GET /assets/images/symbols/lotus.png?v=20260428_layout_v4 HTTP/1.1" 200 -
::1 - - [29/Apr/2026 12:39:32] "GET /assets/images/symbols/conch.png?v=20260428_layout_v4 HTTP/1.1" 200 -
::1 - - [29/Apr/2026 12:39:32] "GET /assets/images/symbols/endless-knot.png?v=20260428_layout_v4 HTTP/1.1" 200 -
::1 - - [29/Apr/2026 12:39:32] "GET /assets/images/symbols/victory-banner.png?v=20260428_layout_v4 HTTP/1.1" 200 -
::1 - - [29/Apr/2026 12:39:32] "GET /assets/images/symbols/dharma-wheel.png?v=20260428_layout_v4 HTTP/1.1" 200 -
::1 - - [29/Apr/2026 12:39:41] "GET /admin.html HTTP/1.1" 200 -
::1 - - [29/Apr/2026 12:39:41] "GET /assets/data/shrine_offerings.json HTTP/1.1" 200 -
::1 - - [29/Apr/2026 12:39:41] "GET /assets/data/gathas.json HTTP/1.1" 200 -
::1 - - [29/Apr/2026 12:40:42] "GET / HTTP/1.1" 200 -
::1 - - [29/Apr/2026 12:40:43] "GET /assets/audio/buddha-music/music_manifest.json HTTP/1.1" 200 -
::1 - - [29/Apr/2026 12:40:43] "GET /assets/data/shrine_offerings.json HTTP/1.1" 200 -
::1 - - [29/Apr/2026 12:40:43] "GET /assets/data/gathas.json?v=20260428_layout_v4 HTTP/1.1" 200 -
::1 - - [29/Apr/2026 12:40:43] "GET /assets/images/deities/shakyamuni.png?v=20260428_layout_v4 HTTP/1.1" 200 -
::1 - - [29/Apr/2026 12:40:43] "GET /assets/images/deities/amitabha.png?v=20260428_layout_v4 HTTP/1.1" 200 -
::1 - - [29/Apr/2026 12:40:43] "GET /assets/images/deities/yaoshi-buddha.png?v=20260428_layout_v4 HTTP/1.1" 200 -
::1 - - [29/Apr/2026 12:40:43] "GET /assets/images/deities/padmasambhava.png?v=20260428_layout_v4 HTTP/1.1" 200 -
::1 - - [29/Apr/2026 12:40:43] "GET /assets/images/deities/vajrasattva.png?v=20260428_layout_v4 HTTP/1.1" 200 -
::1 - - [29/Apr/2026 12:40:43] "GET /assets/images/deities/manjushri.png?v=20260428_layout_v4 HTTP/1.1" 200 -
::1 - - [29/Apr/2026 12:40:43] "GET /assets/images/deities/chenrezig-four-arm.png?v=20260428_layout_v4 HTTP/1.1" 200 -
::1 - - [29/Apr/2026 12:40:43] "GET /assets/images/deities/green-tara.png?v=20260428_layout_v4 HTTP/1.1" 200 -
::1 - - [29/Apr/2026 12:40:43] "GET /assets/images/deities/yellow-jambhala.png?v=20260428_layout_v4 HTTP/1.1" 200 -
::1 - - [29/Apr/2026 12:40:43] "GET /assets/images/deities/ksitigarbha.png?v=20260428_layout_v4 HTTP/1.1" 200 -
::1 - - [29/Apr/2026 12:40:43] "GET /assets/images/offerings/lamp.png?v=20260428_layout_v4 HTTP/1.1" 200 -
::1 - - [29/Apr/2026 12:40:43] "GET /assets/images/offerings/incense.png?v=20260428_layout_v4 HTTP/1.1" 200 -
::1 - - [29/Apr/2026 12:40:43] "GET /assets/images/offerings/water.png?v=20260428_layout_v4 HTTP/1.1" 200 -
::1 - - [29/Apr/2026 12:40:43] "GET /assets/images/offerings/flower.png?v=20260428_layout_v4 HTTP/1.1" 200 -
::1 - - [29/Apr/2026 12:40:43] "GET /assets/images/offerings/fruit.png?v=20260428_layout_v4 HTTP/1.1" 200 -
::1 - - [29/Apr/2026 12:40:43] "GET /assets/images/offerings/torma.png?v=20260428_layout_v4 HTTP/1.1" 200 -
::1 - - [29/Apr/2026 12:40:43] "GET /assets/images/offerings/mandala.png?v=20260428_layout_v4 HTTP/1.1" 200 -
::1 - - [29/Apr/2026 12:40:43] "GET /assets/images/symbols/parasol.png?v=20260428_layout_v4 HTTP/1.1" 200 -
::1 - - [29/Apr/2026 12:40:43] "GET /assets/images/symbols/golden-fish.png?v=20260428_layout_v4 HTTP/1.1" 200 -
::1 - - [29/Apr/2026 12:40:43] "GET /assets/images/symbols/treasure-vase.png?v=20260428_layout_v4 HTTP/1.1" 200 -
::1 - - [29/Apr/2026 12:40:43] "GET /assets/images/symbols/lotus.png?v=20260428_layout_v4 HTTP/1.1" 200 -
::1 - - [29/Apr/2026 12:40:43] "GET /assets/images/symbols/conch.png?v=20260428_layout_v4 HTTP/1.1" 200 -
::1 - - [29/Apr/2026 12:40:43] "GET /assets/images/symbols/endless-knot.png?v=20260428_layout_v4 HTTP/1.1" 200 -
::1 - - [29/Apr/2026 12:40:43] "GET /assets/images/symbols/victory-banner.png?v=20260428_layout_v4 HTTP/1.1" 200 -
::1 - - [29/Apr/2026 12:40:43] "GET /assets/images/symbols/dharma-wheel.png?v=20260428_layout_v4 HTTP/1.1" 200 -
::1 - - [29/Apr/2026 12:40:53] "GET /assets/audio/buddha-music/music-01.mp3 HTTP/1.1" 200 -
----------------------------------------
Exception occurred during processing of request from ('::1', 62267, 0, 0)
Traceback (most recent call last):
  File "C:\Users\biung\AppData\Local\Programs\Python\Python312\Lib\socketserver.py", line 697, in process_request_thread
    self.finish_request(request, client_address)
  File "C:\Users\biung\AppData\Local\Programs\Python\Python312\Lib\http\server.py", line 1311, in finish_request
    self.RequestHandlerClass(request, client_address, self,
  File "C:\Users\biung\AppData\Local\Programs\Python\Python312\Lib\http\server.py", line 672, in __init__
    super().__init__(*args, **kwargs)
  File "C:\Users\biung\AppData\Local\Programs\Python\Python312\Lib\socketserver.py", line 766, in __init__
    self.handle()
  File "C:\Users\biung\AppData\Local\Programs\Python\Python312\Lib\http\server.py", line 436, in handle
    self.handle_one_request()
  File "C:\Users\biung\AppData\Local\Programs\Python\Python312\Lib\http\server.py", line 424, in handle_one_request
    method()
  File "C:\Users\biung\AppData\Local\Programs\Python\Python312\Lib\http\server.py", line 679, in do_GET
    self.copyfile(f, self.wfile)
  File "C:\Users\biung\AppData\Local\Programs\Python\Python312\Lib\http\server.py", line 878, in copyfile
    shutil.copyfileobj(source, outputfile)
  File "C:\Users\biung\AppData\Local\Programs\Python\Python312\Lib\shutil.py", line 204, in copyfileobj
    fdst_write(buf)
  File "C:\Users\biung\AppData\Local\Programs\Python\Python312\Lib\socketserver.py", line 845, in write
    self._sock.sendall(b)
ConnectionResetError: [WinError 10054] 遠端主機已強制關閉一個現存的連線。
----------------------------------------
::1 - - [29/Apr/2026 12:41:13] "GET / HTTP/1.1" 200 -
::1 - - [29/Apr/2026 12:41:14] "GET /assets/audio/buddha-music/music_manifest.json HTTP/1.1" 200 -
::1 - - [29/Apr/2026 12:41:14] "GET /assets/data/shrine_offerings.json HTTP/1.1" 200 -
::1 - - [29/Apr/2026 12:41:14] "GET /assets/data/gathas.json?v=20260428_layout_v4 HTTP/1.1" 200 -
::1 - - [29/Apr/2026 12:41:14] "GET /assets/images/deities/shakyamuni.png?v=20260428_layout_v4 HTTP/1.1" 200 -
::1 - - [29/Apr/2026 12:41:14] "GET /assets/images/deities/amitabha.png?v=20260428_layout_v4 HTTP/1.1" 200 -
::1 - - [29/Apr/2026 12:41:14] "GET /assets/images/deities/yaoshi-buddha.png?v=20260428_layout_v4 HTTP/1.1" 200 -
::1 - - [29/Apr/2026 12:41:14] "GET /assets/images/deities/vajrasattva.png?v=20260428_layout_v4 HTTP/1.1" 200 -
::1 - - [29/Apr/2026 12:41:14] "GET /assets/images/deities/padmasambhava.png?v=20260428_layout_v4 HTTP/1.1" 200 -
::1 - - [29/Apr/2026 12:41:14] "GET /assets/images/deities/manjushri.png?v=20260428_layout_v4 HTTP/1.1" 200 -
::1 - - [29/Apr/2026 12:41:14] "GET /assets/images/deities/chenrezig-four-arm.png?v=20260428_layout_v4 HTTP/1.1" 200 -
::1 - - [29/Apr/2026 12:41:14] "GET /assets/images/deities/green-tara.png?v=20260428_layout_v4 HTTP/1.1" 200 -
::1 - - [29/Apr/2026 12:41:14] "GET /assets/images/deities/ksitigarbha.png?v=20260428_layout_v4 HTTP/1.1" 200 -
::1 - - [29/Apr/2026 12:41:14] "GET /assets/images/deities/yellow-jambhala.png?v=20260428_layout_v4 HTTP/1.1" 200 -
::1 - - [29/Apr/2026 12:41:14] "GET /assets/images/offerings/lamp.png?v=20260428_layout_v4 HTTP/1.1" 200 -
::1 - - [29/Apr/2026 12:41:14] "GET /assets/images/offerings/incense.png?v=20260428_layout_v4 HTTP/1.1" 200 -
::1 - - [29/Apr/2026 12:41:14] "GET /assets/images/offerings/water.png?v=20260428_layout_v4 HTTP/1.1" 200 -
::1 - - [29/Apr/2026 12:41:14] "GET /assets/images/offerings/flower.png?v=20260428_layout_v4 HTTP/1.1" 200 -
::1 - - [29/Apr/2026 12:41:14] "GET /assets/images/offerings/fruit.png?v=20260428_layout_v4 HTTP/1.1" 200 -
::1 - - [29/Apr/2026 12:41:14] "GET /assets/images/offerings/torma.png?v=20260428_layout_v4 HTTP/1.1" 200 -
::1 - - [29/Apr/2026 12:41:14] "GET /assets/images/offerings/mandala.png?v=20260428_layout_v4 HTTP/1.1" 200 -
::1 - - [29/Apr/2026 12:41:14] "GET /assets/images/symbols/parasol.png?v=20260428_layout_v4 HTTP/1.1" 200 -
::1 - - [29/Apr/2026 12:41:14] "GET /assets/images/symbols/golden-fish.png?v=20260428_layout_v4 HTTP/1.1" 200 -
::1 - - [29/Apr/2026 12:41:14] "GET /assets/images/symbols/treasure-vase.png?v=20260428_layout_v4 HTTP/1.1" 200 -
::1 - - [29/Apr/2026 12:41:14] "GET /assets/images/symbols/lotus.png?v=20260428_layout_v4 HTTP/1.1" 200 -
::1 - - [29/Apr/2026 12:41:14] "GET /assets/images/symbols/conch.png?v=20260428_layout_v4 HTTP/1.1" 200 -
::1 - - [29/Apr/2026 12:41:14] "GET /assets/images/symbols/endless-knot.png?v=20260428_layout_v4 HTTP/1.1" 200 -
::1 - - [29/Apr/2026 12:41:14] "GET /assets/images/symbols/victory-banner.png?v=20260428_layout_v4 HTTP/1.1" 200 -
::1 - - [29/Apr/2026 12:41:14] "GET /assets/images/symbols/dharma-wheel.png?v=20260428_layout_v4 HTTP/1.1" 200 -
::1 - - [29/Apr/2026 12:41:45] "GET / HTTP/1.1" 200 -
::1 - - [29/Apr/2026 12:41:46] "GET /assets/audio/buddha-music/music_manifest.json HTTP/1.1" 200 -
::1 - - [29/Apr/2026 12:41:46] "GET /assets/data/shrine_offerings.json HTTP/1.1" 200 -
::1 - - [29/Apr/2026 12:41:46] "GET /assets/data/gathas.json?v=20260428_layout_v4 HTTP/1.1" 200 -
::1 - - [29/Apr/2026 12:41:46] "GET /assets/images/deities/shakyamuni.png?v=20260428_layout_v4 HTTP/1.1" 200 -
::1 - - [29/Apr/2026 12:41:46] "GET /assets/images/deities/amitabha.png?v=20260428_layout_v4 HTTP/1.1" 200 -
::1 - - [29/Apr/2026 12:41:46] "GET /assets/images/deities/yaoshi-buddha.png?v=20260428_layout_v4 HTTP/1.1" 200 -
::1 - - [29/Apr/2026 12:41:46] "GET /assets/images/deities/vajrasattva.png?v=20260428_layout_v4 HTTP/1.1" 200 -
::1 - - [29/Apr/2026 12:41:46] "GET /assets/images/deities/padmasambhava.png?v=20260428_layout_v4 HTTP/1.1" 200 -
::1 - - [29/Apr/2026 12:41:46] "GET /assets/images/deities/manjushri.png?v=20260428_layout_v4 HTTP/1.1" 200 -
::1 - - [29/Apr/2026 12:41:46] "GET /assets/images/deities/chenrezig-four-arm.png?v=20260428_layout_v4 HTTP/1.1" 200 -
::1 - - [29/Apr/2026 12:41:46] "GET /assets/images/deities/green-tara.png?v=20260428_layout_v4 HTTP/1.1" 200 -
::1 - - [29/Apr/2026 12:41:46] "GET /assets/images/deities/ksitigarbha.png?v=20260428_layout_v4 HTTP/1.1" 200 -
::1 - - [29/Apr/2026 12:41:46] "GET /assets/images/deities/yellow-jambhala.png?v=20260428_layout_v4 HTTP/1.1" 200 -
::1 - - [29/Apr/2026 12:41:46] "GET /assets/images/offerings/lamp.png?v=20260428_layout_v4 HTTP/1.1" 200 -
::1 - - [29/Apr/2026 12:41:46] "GET /assets/images/offerings/incense.png?v=20260428_layout_v4 HTTP/1.1" 200 -
::1 - - [29/Apr/2026 12:41:46] "GET /assets/images/offerings/water.png?v=20260428_layout_v4 HTTP/1.1" 200 -
::1 - - [29/Apr/2026 12:41:46] "GET /assets/images/offerings/flower.png?v=20260428_layout_v4 HTTP/1.1" 200 -
::1 - - [29/Apr/2026 12:41:46] "GET /assets/images/offerings/fruit.png?v=20260428_layout_v4 HTTP/1.1" 200 -
::1 - - [29/Apr/2026 12:41:46] "GET /assets/images/offerings/torma.png?v=20260428_layout_v4 HTTP/1.1" 200 -
::1 - - [29/Apr/2026 12:41:46] "GET /assets/images/offerings/mandala.png?v=20260428_layout_v4 HTTP/1.1" 200 -
::1 - - [29/Apr/2026 12:41:46] "GET /assets/images/symbols/parasol.png?v=20260428_layout_v4 HTTP/1.1" 200 -
::1 - - [29/Apr/2026 12:41:46] "GET /assets/images/symbols/golden-fish.png?v=20260428_layout_v4 HTTP/1.1" 200 -
::1 - - [29/Apr/2026 12:41:46] "GET /assets/images/symbols/treasure-vase.png?v=20260428_layout_v4 HTTP/1.1" 200 -
::1 - - [29/Apr/2026 12:41:46] "GET /assets/images/symbols/lotus.png?v=20260428_layout_v4 HTTP/1.1" 200 -
::1 - - [29/Apr/2026 12:41:46] "GET /assets/images/symbols/conch.png?v=20260428_layout_v4 HTTP/1.1" 200 -
::1 - - [29/Apr/2026 12:41:46] "GET /assets/images/symbols/endless-knot.png?v=20260428_layout_v4 HTTP/1.1" 200 -
::1 - - [29/Apr/2026 12:41:46] "GET /assets/images/symbols/victory-banner.png?v=20260428_layout_v4 HTTP/1.1" 200 -
::1 - - [29/Apr/2026 12:41:46] "GET /assets/images/symbols/dharma-wheel.png?v=20260428_layout_v4 HTTP/1.1" 200 -
::1 - - [29/Apr/2026 12:41:56] "GET /assets/audio/buddha-music/music-01.mp3 HTTP/1.1" 200 -
----------------------------------------
Exception occurred during processing of request from ('::1', 60671, 0, 0)
Traceback (most recent call last):
  File "C:\Users\biung\AppData\Local\Programs\Python\Python312\Lib\socketserver.py", line 697, in process_request_thread
    self.finish_request(request, client_address)
  File "C:\Users\biung\AppData\Local\Programs\Python\Python312\Lib\http\server.py", line 1311, in finish_request
    self.RequestHandlerClass(request, client_address, self,
  File "C:\Users\biung\AppData\Local\Programs\Python\Python312\Lib\http\server.py", line 672, in __init__
    super().__init__(*args, **kwargs)
  File "C:\Users\biung\AppData\Local\Programs\Python\Python312\Lib\socketserver.py", line 766, in __init__
    self.handle()
  File "C:\Users\biung\AppData\Local\Programs\Python\Python312\Lib\http\server.py", line 436, in handle
    self.handle_one_request()
  File "C:\Users\biung\AppData\Local\Programs\Python\Python312\Lib\http\server.py", line 424, in handle_one_request
    method()
  File "C:\Users\biung\AppData\Local\Programs\Python\Python312\Lib\http\server.py", line 679, in do_GET
    self.copyfile(f, self.wfile)
  File "C:\Users\biung\AppData\Local\Programs\Python\Python312\Lib\http\server.py", line 878, in copyfile
    shutil.copyfileobj(source, outputfile)
  File "C:\Users\biung\AppData\Local\Programs\Python\Python312\Lib\shutil.py", line 204, in copyfileobj
    fdst_write(buf)
  File "C:\Users\biung\AppData\Local\Programs\Python\Python312\Lib\socketserver.py", line 845, in write
    self._sock.sendall(b)
ConnectionResetError: [WinError 10054] 遠端主機已強制關閉一個現存的連線。
----------------------------------------
::1 - - [29/Apr/2026 12:42:47] "GET / HTTP/1.1" 200 -
::1 - - [29/Apr/2026 12:42:48] "GET /assets/data/gathas.json?v=20260428_layout_v4 HTTP/1.1" 200 -
::1 - - [29/Apr/2026 12:42:48] "GET /assets/audio/buddha-music/music_manifest.json HTTP/1.1" 200 -
::1 - - [29/Apr/2026 12:42:48] "GET /assets/data/shrine_offerings.json HTTP/1.1" 200 -
::1 - - [29/Apr/2026 12:42:48] "GET /assets/images/deities/shakyamuni.png?v=20260428_layout_v4 HTTP/1.1" 200 -
::1 - - [29/Apr/2026 12:42:48] "GET /assets/images/deities/amitabha.png?v=20260428_layout_v4 HTTP/1.1" 200 -
::1 - - [29/Apr/2026 12:42:48] "GET /assets/images/deities/yaoshi-buddha.png?v=20260428_layout_v4 HTTP/1.1" 200 -
::1 - - [29/Apr/2026 12:42:48] "GET /assets/images/deities/padmasambhava.png?v=20260428_layout_v4 HTTP/1.1" 200 -
::1 - - [29/Apr/2026 12:42:48] "GET /assets/images/deities/vajrasattva.png?v=20260428_layout_v4 HTTP/1.1" 200 -
::1 - - [29/Apr/2026 12:42:48] "GET /assets/images/deities/manjushri.png?v=20260428_layout_v4 HTTP/1.1" 200 -
::1 - - [29/Apr/2026 12:42:48] "GET /assets/images/deities/chenrezig-four-arm.png?v=20260428_layout_v4 HTTP/1.1" 200 -
::1 - - [29/Apr/2026 12:42:48] "GET /assets/images/deities/green-tara.png?v=20260428_layout_v4 HTTP/1.1" 200 -
::1 - - [29/Apr/2026 12:42:48] "GET /assets/images/deities/ksitigarbha.png?v=20260428_layout_v4 HTTP/1.1" 200 -
::1 - - [29/Apr/2026 12:42:48] "GET /assets/images/deities/yellow-jambhala.png?v=20260428_layout_v4 HTTP/1.1" 200 -
::1 - - [29/Apr/2026 12:42:48] "GET /assets/images/offerings/lamp.png?v=20260428_layout_v4 HTTP/1.1" 200 -
::1 - - [29/Apr/2026 12:42:48] "GET /assets/images/offerings/incense.png?v=20260428_layout_v4 HTTP/1.1" 200 -
::1 - - [29/Apr/2026 12:42:48] "GET /assets/images/offerings/water.png?v=20260428_layout_v4 HTTP/1.1" 200 -
::1 - - [29/Apr/2026 12:42:48] "GET /assets/images/offerings/flower.png?v=20260428_layout_v4 HTTP/1.1" 200 -
::1 - - [29/Apr/2026 12:42:48] "GET /assets/images/offerings/fruit.png?v=20260428_layout_v4 HTTP/1.1" 200 -
::1 - - [29/Apr/2026 12:42:48] "GET /assets/images/offerings/torma.png?v=20260428_layout_v4 HTTP/1.1" 200 -
::1 - - [29/Apr/2026 12:42:48] "GET /assets/images/offerings/mandala.png?v=20260428_layout_v4 HTTP/1.1" 200 -
::1 - - [29/Apr/2026 12:42:48] "GET /assets/images/symbols/parasol.png?v=20260428_layout_v4 HTTP/1.1" 200 -
::1 - - [29/Apr/2026 12:42:48] "GET /assets/images/symbols/golden-fish.png?v=20260428_layout_v4 HTTP/1.1" 200 -
::1 - - [29/Apr/2026 12:42:48] "GET /assets/images/symbols/treasure-vase.png?v=20260428_layout_v4 HTTP/1.1" 200 -
::1 - - [29/Apr/2026 12:42:48] "GET /assets/images/symbols/lotus.png?v=20260428_layout_v4 HTTP/1.1" 200 -
::1 - - [29/Apr/2026 12:42:48] "GET /assets/images/symbols/conch.png?v=20260428_layout_v4 HTTP/1.1" 200 -
::1 - - [29/Apr/2026 12:42:48] "GET /assets/images/symbols/endless-knot.png?v=20260428_layout_v4 HTTP/1.1" 200 -
::1 - - [29/Apr/2026 12:42:48] "GET /assets/images/symbols/victory-banner.png?v=20260428_layout_v4 HTTP/1.1" 200 -
::1 - - [29/Apr/2026 12:42:48] "GET /assets/images/symbols/dharma-wheel.png?v=20260428_layout_v4 HTTP/1.1" 200 -
::1 - - [29/Apr/2026 12:42:59] "GET /assets/audio/buddha-music/music-01.mp3 HTTP/1.1" 200 -
----------------------------------------
Exception occurred during processing of request from ('::1', 50657, 0, 0)
Traceback (most recent call last):
  File "C:\Users\biung\AppData\Local\Programs\Python\Python312\Lib\socketserver.py", line 697, in process_request_thread
    self.finish_request(request, client_address)
  File "C:\Users\biung\AppData\Local\Programs\Python\Python312\Lib\http\server.py", line 1311, in finish_request
    self.RequestHandlerClass(request, client_address, self,
  File "C:\Users\biung\AppData\Local\Programs\Python\Python312\Lib\http\server.py", line 672, in __init__
    super().__init__(*args, **kwargs)
  File "C:\Users\biung\AppData\Local\Programs\Python\Python312\Lib\socketserver.py", line 766, in __init__
    self.handle()
  File "C:\Users\biung\AppData\Local\Programs\Python\Python312\Lib\http\server.py", line 436, in handle
    self.handle_one_request()
  File "C:\Users\biung\AppData\Local\Programs\Python\Python312\Lib\http\server.py", line 424, in handle_one_request
    method()
  File "C:\Users\biung\AppData\Local\Programs\Python\Python312\Lib\http\server.py", line 679, in do_GET
    self.copyfile(f, self.wfile)
  File "C:\Users\biung\AppData\Local\Programs\Python\Python312\Lib\http\server.py", line 878, in copyfile
    shutil.copyfileobj(source, outputfile)
  File "C:\Users\biung\AppData\Local\Programs\Python\Python312\Lib\shutil.py", line 204, in copyfileobj
    fdst_write(buf)
  File "C:\Users\biung\AppData\Local\Programs\Python\Python312\Lib\socketserver.py", line 845, in write
    self._sock.sendall(b)
ConnectionResetError: [WinError 10054] 遠端主機已強制關閉一個現存的連線。
----------------------------------------
::1 - - [29/Apr/2026 12:43:19] "GET / HTTP/1.1" 200 -
::1 - - [29/Apr/2026 12:43:20] "GET /assets/data/gathas.json?v=20260428_layout_v4 HTTP/1.1" 200 -
::1 - - [29/Apr/2026 12:43:20] "GET /assets/audio/buddha-music/music_manifest.json HTTP/1.1" 200 -
::1 - - [29/Apr/2026 12:43:20] "GET /assets/data/shrine_offerings.json HTTP/1.1" 200 -
::1 - - [29/Apr/2026 12:43:20] "GET /assets/images/deities/shakyamuni.png?v=20260428_layout_v4 HTTP/1.1" 200 -
::1 - - [29/Apr/2026 12:43:20] "GET /assets/images/deities/amitabha.png?v=20260428_layout_v4 HTTP/1.1" 200 -
::1 - - [29/Apr/2026 12:43:20] "GET /assets/images/deities/yaoshi-buddha.png?v=20260428_layout_v4 HTTP/1.1" 200 -
::1 - - [29/Apr/2026 12:43:20] "GET /assets/images/deities/vajrasattva.png?v=20260428_layout_v4 HTTP/1.1" 200 -
::1 - - [29/Apr/2026 12:43:20] "GET /assets/images/deities/padmasambhava.png?v=20260428_layout_v4 HTTP/1.1" 200 -
::1 - - [29/Apr/2026 12:43:20] "GET /assets/images/deities/manjushri.png?v=20260428_layout_v4 HTTP/1.1" 200 -
::1 - - [29/Apr/2026 12:43:20] "GET /assets/images/deities/chenrezig-four-arm.png?v=20260428_layout_v4 HTTP/1.1" 200 -
::1 - - [29/Apr/2026 12:43:20] "GET /assets/images/deities/green-tara.png?v=20260428_layout_v4 HTTP/1.1" 200 -
::1 - - [29/Apr/2026 12:43:20] "GET /assets/images/deities/ksitigarbha.png?v=20260428_layout_v4 HTTP/1.1" 200 -
::1 - - [29/Apr/2026 12:43:20] "GET /assets/images/deities/yellow-jambhala.png?v=20260428_layout_v4 HTTP/1.1" 200 -
::1 - - [29/Apr/2026 12:43:20] "GET /assets/images/offerings/lamp.png?v=20260428_layout_v4 HTTP/1.1" 200 -
::1 - - [29/Apr/2026 12:43:20] "GET /assets/images/offerings/incense.png?v=20260428_layout_v4 HTTP/1.1" 200 -
::1 - - [29/Apr/2026 12:43:20] "GET /assets/images/offerings/water.png?v=20260428_layout_v4 HTTP/1.1" 200 -
::1 - - [29/Apr/2026 12:43:20] "GET /assets/images/offerings/flower.png?v=20260428_layout_v4 HTTP/1.1" 200 -
::1 - - [29/Apr/2026 12:43:20] "GET /assets/images/offerings/fruit.png?v=20260428_layout_v4 HTTP/1.1" 200 -
::1 - - [29/Apr/2026 12:43:20] "GET /assets/images/offerings/torma.png?v=20260428_layout_v4 HTTP/1.1" 200 -
::1 - - [29/Apr/2026 12:43:20] "GET /assets/images/offerings/mandala.png?v=20260428_layout_v4 HTTP/1.1" 200 -
::1 - - [29/Apr/2026 12:43:20] "GET /assets/images/symbols/parasol.png?v=20260428_layout_v4 HTTP/1.1" 200 -
::1 - - [29/Apr/2026 12:43:20] "GET /assets/images/symbols/golden-fish.png?v=20260428_layout_v4 HTTP/1.1" 200 -
::1 - - [29/Apr/2026 12:43:20] "GET /assets/images/symbols/treasure-vase.png?v=20260428_layout_v4 HTTP/1.1" 200 -
::1 - - [29/Apr/2026 12:43:20] "GET /assets/images/symbols/lotus.png?v=20260428_layout_v4 HTTP/1.1" 200 -
::1 - - [29/Apr/2026 12:43:20] "GET /assets/images/symbols/conch.png?v=20260428_layout_v4 HTTP/1.1" 200 -
::1 - - [29/Apr/2026 12:43:20] "GET /assets/images/symbols/endless-knot.png?v=20260428_layout_v4 HTTP/1.1" 200 -
::1 - - [29/Apr/2026 12:43:20] "GET /assets/images/symbols/victory-banner.png?v=20260428_layout_v4 HTTP/1.1" 200 -
::1 - - [29/Apr/2026 12:43:20] "GET /assets/images/symbols/dharma-wheel.png?v=20260428_layout_v4 HTTP/1.1" 200 -
::1 - - [29/Apr/2026 12:43:54] "GET /admin.html HTTP/1.1" 200 -
::1 - - [29/Apr/2026 12:43:54] "GET /assets/data/shrine_offerings.json HTTP/1.1" 200 -
::1 - - [29/Apr/2026 12:43:54] "GET /assets/data/gathas.json HTTP/1.1" 200 -
::1 - - [29/Apr/2026 12:43:56] "GET / HTTP/1.1" 200 -
::1 - - [29/Apr/2026 12:43:57] "GET /assets/data/gathas.json?v=20260428_layout_v4 HTTP/1.1" 200 -
::1 - - [29/Apr/2026 12:43:57] "GET /assets/audio/buddha-music/music_manifest.json HTTP/1.1" 200 -
::1 - - [29/Apr/2026 12:43:57] "GET /assets/data/shrine_offerings.json HTTP/1.1" 200 -
::1 - - [29/Apr/2026 12:43:57] "GET /assets/images/deities/shakyamuni.png?v=20260428_layout_v4 HTTP/1.1" 200 -
::1 - - [29/Apr/2026 12:43:57] "GET /assets/images/deities/amitabha.png?v=20260428_layout_v4 HTTP/1.1" 200 -
::1 - - [29/Apr/2026 12:43:57] "GET /assets/images/deities/yaoshi-buddha.png?v=20260428_layout_v4 HTTP/1.1" 200 -
::1 - - [29/Apr/2026 12:43:57] "GET /assets/images/deities/vajrasattva.png?v=20260428_layout_v4 HTTP/1.1" 200 -
::1 - - [29/Apr/2026 12:43:57] "GET /assets/images/deities/padmasambhava.png?v=20260428_layout_v4 HTTP/1.1" 200 -
::1 - - [29/Apr/2026 12:43:57] "GET /assets/images/deities/manjushri.png?v=20260428_layout_v4 HTTP/1.1" 200 -
::1 - - [29/Apr/2026 12:43:57] "GET /assets/images/deities/chenrezig-four-arm.png?v=20260428_layout_v4 HTTP/1.1" 200 -
::1 - - [29/Apr/2026 12:43:57] "GET /assets/images/deities/green-tara.png?v=20260428_layout_v4 HTTP/1.1" 200 -
::1 - - [29/Apr/2026 12:43:57] "GET /assets/images/deities/ksitigarbha.png?v=20260428_layout_v4 HTTP/1.1" 200 -
::1 - - [29/Apr/2026 12:43:57] "GET /assets/images/deities/yellow-jambhala.png?v=20260428_layout_v4 HTTP/1.1" 200 -
::1 - - [29/Apr/2026 12:43:57] "GET /assets/images/offerings/lamp.png?v=20260428_layout_v4 HTTP/1.1" 200 -
::1 - - [29/Apr/2026 12:43:57] "GET /assets/images/offerings/incense.png?v=20260428_layout_v4 HTTP/1.1" 200 -
::1 - - [29/Apr/2026 12:43:57] "GET /assets/images/offerings/water.png?v=20260428_layout_v4 HTTP/1.1" 200 -
::1 - - [29/Apr/2026 12:43:57] "GET /assets/images/offerings/flower.png?v=20260428_layout_v4 HTTP/1.1" 200 -
::1 - - [29/Apr/2026 12:43:57] "GET /assets/images/offerings/fruit.png?v=20260428_layout_v4 HTTP/1.1" 200 -
::1 - - [29/Apr/2026 12:43:57] "GET /assets/images/offerings/torma.png?v=20260428_layout_v4 HTTP/1.1" 200 -
::1 - - [29/Apr/2026 12:43:57] "GET /assets/images/offerings/mandala.png?v=20260428_layout_v4 HTTP/1.1" 200 -
::1 - - [29/Apr/2026 12:43:57] "GET /assets/images/symbols/parasol.png?v=20260428_layout_v4 HTTP/1.1" 200 -
::1 - - [29/Apr/2026 12:43:57] "GET /assets/images/symbols/golden-fish.png?v=20260428_layout_v4 HTTP/1.1" 200 -
::1 - - [29/Apr/2026 12:43:57] "GET /assets/images/symbols/treasure-vase.png?v=20260428_layout_v4 HTTP/1.1" 200 -
::1 - - [29/Apr/2026 12:43:57] "GET /assets/images/symbols/lotus.png?v=20260428_layout_v4 HTTP/1.1" 200 -
::1 - - [29/Apr/2026 12:43:57] "GET /assets/images/symbols/conch.png?v=20260428_layout_v4 HTTP/1.1" 200 -
::1 - - [29/Apr/2026 12:43:57] "GET /assets/images/symbols/endless-knot.png?v=20260428_layout_v4 HTTP/1.1" 200 -
::1 - - [29/Apr/2026 12:43:57] "GET /assets/images/symbols/victory-banner.png?v=20260428_layout_v4 HTTP/1.1" 200 -
::1 - - [29/Apr/2026 12:43:57] "GET /assets/images/symbols/dharma-wheel.png?v=20260428_layout_v4 HTTP/1.1" 200 -
::1 - - [29/Apr/2026 12:44:08] "GET /assets/audio/buddha-music/music-01.mp3 HTTP/1.1" 200 -
----------------------------------------
Exception occurred during processing of request from ('::1', 55551, 0, 0)
Traceback (most recent call last):
  File "C:\Users\biung\AppData\Local\Programs\Python\Python312\Lib\socketserver.py", line 697, in process_request_thread
    self.finish_request(request, client_address)
  File "C:\Users\biung\AppData\Local\Programs\Python\Python312\Lib\http\server.py", line 1311, in finish_request
    self.RequestHandlerClass(request, client_address, self,
  File "C:\Users\biung\AppData\Local\Programs\Python\Python312\Lib\http\server.py", line 672, in __init__
    super().__init__(*args, **kwargs)
  File "C:\Users\biung\AppData\Local\Programs\Python\Python312\Lib\socketserver.py", line 766, in __init__
    self.handle()
  File "C:\Users\biung\AppData\Local\Programs\Python\Python312\Lib\http\server.py", line 436, in handle
    self.handle_one_request()
  File "C:\Users\biung\AppData\Local\Programs\Python\Python312\Lib\http\server.py", line 424, in handle_one_request
    method()
  File "C:\Users\biung\AppData\Local\Programs\Python\Python312\Lib\http\server.py", line 679, in do_GET
    self.copyfile(f, self.wfile)
  File "C:\Users\biung\AppData\Local\Programs\Python\Python312\Lib\http\server.py", line 878, in copyfile
    shutil.copyfileobj(source, outputfile)
  File "C:\Users\biung\AppData\Local\Programs\Python\Python312\Lib\shutil.py", line 204, in copyfileobj
    fdst_write(buf)
  File "C:\Users\biung\AppData\Local\Programs\Python\Python312\Lib\socketserver.py", line 845, in write
    self._sock.sendall(b)
ConnectionResetError: [WinError 10054] 遠端主機已強制關閉一個現存的連線。
----------------------------------------
::1 - - [29/Apr/2026 12:44:32] "GET / HTTP/1.1" 200 -
::1 - - [29/Apr/2026 12:44:33] "GET /assets/data/gathas.json?v=20260428_layout_v4 HTTP/1.1" 200 -
::1 - - [29/Apr/2026 12:44:33] "GET /assets/audio/buddha-music/music_manifest.json HTTP/1.1" 200 -
::1 - - [29/Apr/2026 12:44:33] "GET /assets/data/shrine_offerings.json HTTP/1.1" 200 -
::1 - - [29/Apr/2026 12:44:33] "GET /assets/images/deities/shakyamuni.png?v=20260428_layout_v4 HTTP/1.1" 200 -
::1 - - [29/Apr/2026 12:44:33] "GET /assets/images/deities/yaoshi-buddha.png?v=20260428_layout_v4 HTTP/1.1" 200 -
::1 - - [29/Apr/2026 12:44:33] "GET /assets/images/deities/amitabha.png?v=20260428_layout_v4 HTTP/1.1" 200 -
::1 - - [29/Apr/2026 12:44:33] "GET /assets/images/deities/padmasambhava.png?v=20260428_layout_v4 HTTP/1.1" 200 -
::1 - - [29/Apr/2026 12:44:33] "GET /assets/images/deities/manjushri.png?v=20260428_layout_v4 HTTP/1.1" 200 -
::1 - - [29/Apr/2026 12:44:33] "GET /assets/images/deities/vajrasattva.png?v=20260428_layout_v4 HTTP/1.1" 200 -
::1 - - [29/Apr/2026 12:44:33] "GET /assets/images/deities/chenrezig-four-arm.png?v=20260428_layout_v4 HTTP/1.1" 200 -
::1 - - [29/Apr/2026 12:44:33] "GET /assets/images/deities/green-tara.png?v=20260428_layout_v4 HTTP/1.1" 200 -
::1 - - [29/Apr/2026 12:44:33] "GET /assets/images/deities/ksitigarbha.png?v=20260428_layout_v4 HTTP/1.1" 200 -
::1 - - [29/Apr/2026 12:44:33] "GET /assets/images/deities/yellow-jambhala.png?v=20260428_layout_v4 HTTP/1.1" 200 -
::1 - - [29/Apr/2026 12:44:33] "GET /assets/images/offerings/lamp.png?v=20260428_layout_v4 HTTP/1.1" 200 -
::1 - - [29/Apr/2026 12:44:33] "GET /assets/images/offerings/incense.png?v=20260428_layout_v4 HTTP/1.1" 200 -
::1 - - [29/Apr/2026 12:44:33] "GET /assets/images/offerings/water.png?v=20260428_layout_v4 HTTP/1.1" 200 -
::1 - - [29/Apr/2026 12:44:33] "GET /assets/images/offerings/flower.png?v=20260428_layout_v4 HTTP/1.1" 200 -
::1 - - [29/Apr/2026 12:44:33] "GET /assets/images/offerings/fruit.png?v=20260428_layout_v4 HTTP/1.1" 200 -
::1 - - [29/Apr/2026 12:44:33] "GET /assets/images/offerings/torma.png?v=20260428_layout_v4 HTTP/1.1" 200 -
::1 - - [29/Apr/2026 12:44:33] "GET /assets/images/offerings/mandala.png?v=20260428_layout_v4 HTTP/1.1" 200 -
::1 - - [29/Apr/2026 12:44:33] "GET /assets/images/symbols/parasol.png?v=20260428_layout_v4 HTTP/1.1" 200 -
::1 - - [29/Apr/2026 12:44:33] "GET /assets/images/symbols/golden-fish.png?v=20260428_layout_v4 HTTP/1.1" 200 -
::1 - - [29/Apr/2026 12:44:33] "GET /assets/images/symbols/treasure-vase.png?v=20260428_layout_v4 HTTP/1.1" 200 -
::1 - - [29/Apr/2026 12:44:33] "GET /assets/images/symbols/lotus.png?v=20260428_layout_v4 HTTP/1.1" 200 -
::1 - - [29/Apr/2026 12:44:33] "GET /assets/images/symbols/conch.png?v=20260428_layout_v4 HTTP/1.1" 200 -
::1 - - [29/Apr/2026 12:44:33] "GET /assets/images/symbols/endless-knot.png?v=20260428_layout_v4 HTTP/1.1" 200 -
::1 - - [29/Apr/2026 12:44:33] "GET /assets/images/symbols/victory-banner.png?v=20260428_layout_v4 HTTP/1.1" 200 -
::1 - - [29/Apr/2026 12:44:33] "GET /assets/images/symbols/dharma-wheel.png?v=20260428_layout_v4 HTTP/1.1" 200 -
::1 - - [29/Apr/2026 12:44:43] "GET /assets/audio/buddha-music/music-01.mp3 HTTP/1.1" 200 -
::1 - - [29/Apr/2026 12:44:43] "GET / HTTP/1.1" 304 -
----------------------------------------
Exception occurred during processing of request from ('::1', 57172, 0, 0)
Traceback (most recent call last):
  File "C:\Users\biung\AppData\Local\Programs\Python\Python312\Lib\socketserver.py", line 697, in process_request_thread
    self.finish_request(request, client_address)
  File "C:\Users\biung\AppData\Local\Programs\Python\Python312\Lib\http\server.py", line 1311, in finish_request
    self.RequestHandlerClass(request, client_address, self,
  File "C:\Users\biung\AppData\Local\Programs\Python\Python312\Lib\http\server.py", line 672, in __init__
    super().__init__(*args, **kwargs)
  File "C:\Users\biung\AppData\Local\Programs\Python\Python312\Lib\socketserver.py", line 766, in __init__
    self.handle()
  File "C:\Users\biung\AppData\Local\Programs\Python\Python312\Lib\http\server.py", line 436, in handle
    self.handle_one_request()
  File "C:\Users\biung\AppData\Local\Programs\Python\Python312\Lib\http\server.py", line 424, in handle_one_request
    method()
  File "C:\Users\biung\AppData\Local\Programs\Python\Python312\Lib\http\server.py", line 679, in do_GET
    self.copyfile(f, self.wfile)
  File "C:\Users\biung\AppData\Local\Programs\Python\Python312\Lib\http\server.py", line 878, in copyfile
    shutil.copyfileobj(source, outputfile)
  File "C:\Users\biung\AppData\Local\Programs\Python\Python312\Lib\shutil.py", line 204, in copyfileobj
    fdst_write(buf)
  File "C:\Users\biung\AppData\Local\Programs\Python\Python312\Lib\socketserver.py", line 845, in write
    self._sock.sendall(b)
ConnectionResetError: [WinError 10054] 遠端主機已強制關閉一個現存的連線。
----------------------------------------
::1 - - [29/Apr/2026 12:44:45] "GET /assets/audio/buddha-music/music_manifest.json HTTP/1.1" 200 -
::1 - - [29/Apr/2026 12:44:45] "GET /assets/data/shrine_offerings.json HTTP/1.1" 200 -
::1 - - [29/Apr/2026 12:44:54] "GET /assets/audio/buddha-music/music-01.mp3 HTTP/1.1" 200 -
----------------------------------------
Exception occurred during processing of request from ('::1', 64123, 0, 0)
Traceback (most recent call last):
  File "C:\Users\biung\AppData\Local\Programs\Python\Python312\Lib\socketserver.py", line 697, in process_request_thread
    self.finish_request(request, client_address)
  File "C:\Users\biung\AppData\Local\Programs\Python\Python312\Lib\http\server.py", line 1311, in finish_request
    self.RequestHandlerClass(request, client_address, self,
  File "C:\Users\biung\AppData\Local\Programs\Python\Python312\Lib\http\server.py", line 672, in __init__
    super().__init__(*args, **kwargs)
  File "C:\Users\biung\AppData\Local\Programs\Python\Python312\Lib\socketserver.py", line 766, in __init__
    self.handle()
  File "C:\Users\biung\AppData\Local\Programs\Python\Python312\Lib\http\server.py", line 436, in handle
    self.handle_one_request()
  File "C:\Users\biung\AppData\Local\Programs\Python\Python312\Lib\http\server.py", line 424, in handle_one_request
    method()
  File "C:\Users\biung\AppData\Local\Programs\Python\Python312\Lib\http\server.py", line 679, in do_GET
    self.copyfile(f, self.wfile)
  File "C:\Users\biung\AppData\Local\Programs\Python\Python312\Lib\http\server.py", line 878, in copyfile
    shutil.copyfileobj(source, outputfile)
  File "C:\Users\biung\AppData\Local\Programs\Python\Python312\Lib\shutil.py", line 204, in copyfileobj
    fdst_write(buf)
  File "C:\Users\biung\AppData\Local\Programs\Python\Python312\Lib\socketserver.py", line 845, in write
    self._sock.sendall(b)
ConnectionResetError: [WinError 10054] 遠端主機已強制關閉一個現存的連線。
----------------------------------------
::1 - - [29/Apr/2026 12:45:53] "GET /admin.html HTTP/1.1" 200 -
::1 - - [29/Apr/2026 12:45:53] "GET /assets/data/shrine_offerings.json HTTP/1.1" 200 -
::1 - - [29/Apr/2026 12:45:53] "GET /assets/data/gathas.json HTTP/1.1" 200 -
::1 - - [29/Apr/2026 12:46:51] "GET /admin.html HTTP/1.1" 200 -
::1 - - [29/Apr/2026 12:46:51] "GET /assets/data/shrine_offerings.json HTTP/1.1" 200 -
::1 - - [29/Apr/2026 12:46:51] "GET /assets/data/gathas.json HTTP/1.1" 200 -
::1 - - [29/Apr/2026 13:59:50] "GET / HTTP/1.1" 200 -
::1 - - [29/Apr/2026 13:59:50] "GET /assets/data/gathas.json?v=20260428_layout_v4 HTTP/1.1" 200 -
::1 - - [29/Apr/2026 13:59:50] "GET /assets/audio/buddha-music/music_manifest.json HTTP/1.1" 200 -
::1 - - [29/Apr/2026 13:59:51] "GET /assets/data/shrine_offerings.json HTTP/1.1" 200 -
::1 - - [29/Apr/2026 13:59:51] "GET /assets/images/deities/shakyamuni.png?v=20260428_layout_v4 HTTP/1.1" 200 -
::1 - - [29/Apr/2026 13:59:51] "GET /assets/images/deities/amitabha.png?v=20260428_layout_v4 HTTP/1.1" 200 -
::1 - - [29/Apr/2026 13:59:51] "GET /assets/images/deities/yaoshi-buddha.png?v=20260428_layout_v4 HTTP/1.1" 200 -
::1 - - [29/Apr/2026 13:59:51] "GET /assets/images/deities/vajrasattva.png?v=20260428_layout_v4 HTTP/1.1" 200 -
::1 - - [29/Apr/2026 13:59:51] "GET /assets/images/deities/manjushri.png?v=20260428_layout_v4 HTTP/1.1" 200 -
::1 - - [29/Apr/2026 13:59:51] "GET /assets/images/deities/padmasambhava.png?v=20260428_layout_v4 HTTP/1.1" 200 -
::1 - - [29/Apr/2026 13:59:51] "GET /assets/images/deities/chenrezig-four-arm.png?v=20260428_layout_v4 HTTP/1.1" 200 -
::1 - - [29/Apr/2026 13:59:51] "GET /assets/images/deities/green-tara.png?v=20260428_layout_v4 HTTP/1.1" 200 -
::1 - - [29/Apr/2026 13:59:51] "GET /assets/images/deities/ksitigarbha.png?v=20260428_layout_v4 HTTP/1.1" 200 -
::1 - - [29/Apr/2026 13:59:51] "GET /assets/images/deities/yellow-jambhala.png?v=20260428_layout_v4 HTTP/1.1" 200 -
::1 - - [29/Apr/2026 13:59:51] "GET /assets/images/offerings/lamp.png?v=20260428_layout_v4 HTTP/1.1" 200 -
::1 - - [29/Apr/2026 13:59:51] "GET /assets/images/offerings/incense.png?v=20260428_layout_v4 HTTP/1.1" 200 -
::1 - - [29/Apr/2026 13:59:51] "GET /assets/images/offerings/water.png?v=20260428_layout_v4 HTTP/1.1" 200 -
::1 - - [29/Apr/2026 13:59:51] "GET /assets/images/offerings/flower.png?v=20260428_layout_v4 HTTP/1.1" 200 -
::1 - - [29/Apr/2026 13:59:51] "GET /assets/images/offerings/fruit.png?v=20260428_layout_v4 HTTP/1.1" 200 -
::1 - - [29/Apr/2026 13:59:51] "GET /assets/images/offerings/torma.png?v=20260428_layout_v4 HTTP/1.1" 200 -
::1 - - [29/Apr/2026 13:59:51] "GET /assets/images/offerings/mandala.png?v=20260428_layout_v4 HTTP/1.1" 200 -
::1 - - [29/Apr/2026 13:59:51] "GET /assets/images/symbols/parasol.png?v=20260428_layout_v4 HTTP/1.1" 200 -
::1 - - [29/Apr/2026 13:59:51] "GET /assets/images/symbols/golden-fish.png?v=20260428_layout_v4 HTTP/1.1" 200 -
::1 - - [29/Apr/2026 13:59:51] "GET /assets/images/symbols/treasure-vase.png?v=20260428_layout_v4 HTTP/1.1" 200 -
::1 - - [29/Apr/2026 13:59:51] "GET /assets/images/symbols/lotus.png?v=20260428_layout_v4 HTTP/1.1" 200 -
::1 - - [29/Apr/2026 13:59:51] "GET /assets/images/symbols/conch.png?v=20260428_layout_v4 HTTP/1.1" 200 -
::1 - - [29/Apr/2026 13:59:51] "GET /assets/images/symbols/endless-knot.png?v=20260428_layout_v4 HTTP/1.1" 200 -
::1 - - [29/Apr/2026 13:59:51] "GET /assets/images/symbols/victory-banner.png?v=20260428_layout_v4 HTTP/1.1" 200 -
::1 - - [29/Apr/2026 13:59:51] "GET /assets/images/symbols/dharma-wheel.png?v=20260428_layout_v4 HTTP/1.1" 200 -
::1 - - [29/Apr/2026 13:59:52] "GET /assets/audio/buddha-music/music-01.mp3 HTTP/1.1" 200 -
::1 - - [29/Apr/2026 13:59:52] code 404, message File not found
::1 - - [29/Apr/2026 13:59:52] "GET /favicon.ico HTTP/1.1" 404 -
----------------------------------------
Exception occurred during processing of request from ('::1', 64549, 0, 0)
Traceback (most recent call last):
  File "C:\Users\biung\AppData\Local\Programs\Python\Python312\Lib\socketserver.py", line 697, in process_request_thread
    self.finish_request(request, client_address)
  File "C:\Users\biung\AppData\Local\Programs\Python\Python312\Lib\http\server.py", line 1311, in finish_request
    self.RequestHandlerClass(request, client_address, self,
  File "C:\Users\biung\AppData\Local\Programs\Python\Python312\Lib\http\server.py", line 672, in __init__
    super().__init__(*args, **kwargs)
  File "C:\Users\biung\AppData\Local\Programs\Python\Python312\Lib\socketserver.py", line 766, in __init__
    self.handle()
  File "C:\Users\biung\AppData\Local\Programs\Python\Python312\Lib\http\server.py", line 436, in handle
    self.handle_one_request()
  File "C:\Users\biung\AppData\Local\Programs\Python\Python312\Lib\http\server.py", line 424, in handle_one_request
    method()
  File "C:\Users\biung\AppData\Local\Programs\Python\Python312\Lib\http\server.py", line 679, in do_GET
    self.copyfile(f, self.wfile)
  File "C:\Users\biung\AppData\Local\Programs\Python\Python312\Lib\http\server.py", line 878, in copyfile
    shutil.copyfileobj(source, outputfile)
  File "C:\Users\biung\AppData\Local\Programs\Python\Python312\Lib\shutil.py", line 204, in copyfileobj
    fdst_write(buf)
  File "C:\Users\biung\AppData\Local\Programs\Python\Python312\Lib\socketserver.py", line 845, in write
    self._sock.sendall(b)
ConnectionResetError: [WinError 10054] 遠端主機已強制關閉一個現存的連線。
----------------------------------------
::1 - - [29/Apr/2026 14:17:27] "GET / HTTP/1.1" 304 -
::1 - - [29/Apr/2026 14:17:27] "GET /assets/data/gathas.json?v=20260428_layout_v4 HTTP/1.1" 200 -
::1 - - [29/Apr/2026 14:17:27] "GET /assets/audio/buddha-music/music_manifest.json HTTP/1.1" 200 -
::1 - - [29/Apr/2026 14:17:28] "GET /assets/data/shrine_offerings.json HTTP/1.1" 200 -
::1 - - [29/Apr/2026 14:17:29] "GET /assets/audio/buddha-music/music-01.mp3 HTTP/1.1" 200 -
----------------------------------------
Exception occurred during processing of request from ('::1', 60914, 0, 0)
Traceback (most recent call last):
  File "C:\Users\biung\AppData\Local\Programs\Python\Python312\Lib\socketserver.py", line 697, in process_request_thread
    self.finish_request(request, client_address)
  File "C:\Users\biung\AppData\Local\Programs\Python\Python312\Lib\http\server.py", line 1311, in finish_request
    self.RequestHandlerClass(request, client_address, self,
  File "C:\Users\biung\AppData\Local\Programs\Python\Python312\Lib\http\server.py", line 672, in __init__
    super().__init__(*args, **kwargs)
  File "C:\Users\biung\AppData\Local\Programs\Python\Python312\Lib\socketserver.py", line 766, in __init__
    self.handle()
  File "C:\Users\biung\AppData\Local\Programs\Python\Python312\Lib\http\server.py", line 436, in handle
    self.handle_one_request()
  File "C:\Users\biung\AppData\Local\Programs\Python\Python312\Lib\http\server.py", line 424, in handle_one_request
    method()
  File "C:\Users\biung\AppData\Local\Programs\Python\Python312\Lib\http\server.py", line 679, in do_GET
    self.copyfile(f, self.wfile)
  File "C:\Users\biung\AppData\Local\Programs\Python\Python312\Lib\http\server.py", line 878, in copyfile
    shutil.copyfileobj(source, outputfile)
  File "C:\Users\biung\AppData\Local\Programs\Python\Python312\Lib\shutil.py", line 204, in copyfileobj
    fdst_write(buf)
  File "C:\Users\biung\AppData\Local\Programs\Python\Python312\Lib\socketserver.py", line 845, in write
    self._sock.sendall(b)
ConnectionResetError: [WinError 10054] 遠端主機已強制關閉一個現存的連線。
----------------------------------------
::1 - - [29/Apr/2026 14:18:39] "GET / HTTP/1.1" 304 -
::1 - - [29/Apr/2026 14:18:39] "GET /assets/data/gathas.json?v=20260428_layout_v4 HTTP/1.1" 200 -
::1 - - [29/Apr/2026 14:18:39] "GET /assets/audio/buddha-music/music_manifest.json HTTP/1.1" 200 -
::1 - - [29/Apr/2026 14:18:39] "GET /assets/data/shrine_offerings.json HTTP/1.1" 200 -
::1 - - [29/Apr/2026 14:18:40] "GET /assets/audio/buddha-music/music-01.mp3 HTTP/1.1" 200 -
----------------------------------------
Exception occurred during processing of request from ('::1', 59652, 0, 0)
Traceback (most recent call last):
  File "C:\Users\biung\AppData\Local\Programs\Python\Python312\Lib\socketserver.py", line 697, in process_request_thread
    self.finish_request(request, client_address)
  File "C:\Users\biung\AppData\Local\Programs\Python\Python312\Lib\http\server.py", line 1311, in finish_request
    self.RequestHandlerClass(request, client_address, self,
  File "C:\Users\biung\AppData\Local\Programs\Python\Python312\Lib\http\server.py", line 672, in __init__
    super().__init__(*args, **kwargs)
  File "C:\Users\biung\AppData\Local\Programs\Python\Python312\Lib\socketserver.py", line 766, in __init__
    self.handle()
  File "C:\Users\biung\AppData\Local\Programs\Python\Python312\Lib\http\server.py", line 436, in handle
    self.handle_one_request()
  File "C:\Users\biung\AppData\Local\Programs\Python\Python312\Lib\http\server.py", line 424, in handle_one_request
    method()
  File "C:\Users\biung\AppData\Local\Programs\Python\Python312\Lib\http\server.py", line 679, in do_GET
    self.copyfile(f, self.wfile)
  File "C:\Users\biung\AppData\Local\Programs\Python\Python312\Lib\http\server.py", line 878, in copyfile
    shutil.copyfileobj(source, outputfile)
  File "C:\Users\biung\AppData\Local\Programs\Python\Python312\Lib\shutil.py", line 204, in copyfileobj
    fdst_write(buf)
  File "C:\Users\biung\AppData\Local\Programs\Python\Python312\Lib\socketserver.py", line 845, in write
    self._sock.sendall(b)
ConnectionResetError: [WinError 10054] 遠端主機已強制關閉一個現存的連線。
----------------------------------------
::1 - - [29/Apr/2026 14:19:13] "GET / HTTP/1.1" 200 -
::1 - - [29/Apr/2026 14:19:13] "GET /assets/data/gathas.json?v=20260428_layout_v4 HTTP/1.1" 200 -
::1 - - [29/Apr/2026 14:19:13] "GET /assets/audio/buddha-music/music_manifest.json HTTP/1.1" 200 -
::1 - - [29/Apr/2026 14:19:13] "GET /assets/data/shrine_offerings.json HTTP/1.1" 200 -
::1 - - [29/Apr/2026 14:19:14] "GET /assets/audio/buddha-music/music-01.mp3 HTTP/1.1" 200 -
----------------------------------------
Exception occurred during processing of request from ('::1', 55069, 0, 0)
Traceback (most recent call last):
  File "C:\Users\biung\AppData\Local\Programs\Python\Python312\Lib\socketserver.py", line 697, in process_request_thread
    self.finish_request(request, client_address)
  File "C:\Users\biung\AppData\Local\Programs\Python\Python312\Lib\http\server.py", line 1311, in finish_request
    self.RequestHandlerClass(request, client_address, self,
  File "C:\Users\biung\AppData\Local\Programs\Python\Python312\Lib\http\server.py", line 672, in __init__
    super().__init__(*args, **kwargs)
  File "C:\Users\biung\AppData\Local\Programs\Python\Python312\Lib\socketserver.py", line 766, in __init__
    self.handle()
  File "C:\Users\biung\AppData\Local\Programs\Python\Python312\Lib\http\server.py", line 436, in handle
    self.handle_one_request()
  File "C:\Users\biung\AppData\Local\Programs\Python\Python312\Lib\http\server.py", line 424, in handle_one_request
    method()
  File "C:\Users\biung\AppData\Local\Programs\Python\Python312\Lib\http\server.py", line 679, in do_GET
    self.copyfile(f, self.wfile)
  File "C:\Users\biung\AppData\Local\Programs\Python\Python312\Lib\http\server.py", line 878, in copyfile
    shutil.copyfileobj(source, outputfile)
  File "C:\Users\biung\AppData\Local\Programs\Python\Python312\Lib\shutil.py", line 204, in copyfileobj
    fdst_write(buf)
  File "C:\Users\biung\AppData\Local\Programs\Python\Python312\Lib\socketserver.py", line 845, in write
    self._sock.sendall(b)
ConnectionResetError: [WinError 10054] 遠端主機已強制關閉一個現存的連線。
----------------------------------------
::1 - - [29/Apr/2026 14:19:55] "GET / HTTP/1.1" 200 -
::1 - - [29/Apr/2026 14:19:55] "GET /assets/data/gathas.json?v=20260428_layout_v4 HTTP/1.1" 200 -
::1 - - [29/Apr/2026 14:19:55] "GET /assets/audio/buddha-music/music_manifest.json HTTP/1.1" 200 -
::1 - - [29/Apr/2026 14:19:55] "GET /assets/data/shrine_offerings.json HTTP/1.1" 200 -
::1 - - [29/Apr/2026 14:19:56] "GET /assets/audio/buddha-music/music-01.mp3 HTTP/1.1" 200 -
----------------------------------------
Exception occurred during processing of request from ('::1', 60273, 0, 0)
Traceback (most recent call last):
  File "C:\Users\biung\AppData\Local\Programs\Python\Python312\Lib\socketserver.py", line 697, in process_request_thread
    self.finish_request(request, client_address)
  File "C:\Users\biung\AppData\Local\Programs\Python\Python312\Lib\http\server.py", line 1311, in finish_request
    self.RequestHandlerClass(request, client_address, self,
  File "C:\Users\biung\AppData\Local\Programs\Python\Python312\Lib\http\server.py", line 672, in __init__
    super().__init__(*args, **kwargs)
  File "C:\Users\biung\AppData\Local\Programs\Python\Python312\Lib\socketserver.py", line 766, in __init__
    self.handle()
  File "C:\Users\biung\AppData\Local\Programs\Python\Python312\Lib\http\server.py", line 436, in handle
    self.handle_one_request()
  File "C:\Users\biung\AppData\Local\Programs\Python\Python312\Lib\http\server.py", line 424, in handle_one_request
    method()
  File "C:\Users\biung\AppData\Local\Programs\Python\Python312\Lib\http\server.py", line 679, in do_GET
    self.copyfile(f, self.wfile)
  File "C:\Users\biung\AppData\Local\Programs\Python\Python312\Lib\http\server.py", line 878, in copyfile
    shutil.copyfileobj(source, outputfile)
  File "C:\Users\biung\AppData\Local\Programs\Python\Python312\Lib\shutil.py", line 204, in copyfileobj
    fdst_write(buf)
  File "C:\Users\biung\AppData\Local\Programs\Python\Python312\Lib\socketserver.py", line 845, in write
    self._sock.sendall(b)
ConnectionResetError: [WinError 10054] 遠端主機已強制關閉一個現存的連線。
----------------------------------------
::1 - - [29/Apr/2026 14:20:22] "GET / HTTP/1.1" 200 -
::1 - - [29/Apr/2026 14:20:22] "GET /assets/data/gathas.json?v=20260428_layout_v4 HTTP/1.1" 200 -
::1 - - [29/Apr/2026 14:20:22] "GET /assets/audio/buddha-music/music_manifest.json HTTP/1.1" 200 -
::1 - - [29/Apr/2026 14:20:22] "GET /assets/data/shrine_offerings.json HTTP/1.1" 200 -
::1 - - [29/Apr/2026 14:20:23] "GET /assets/audio/buddha-music/music-01.mp3 HTTP/1.1" 200 -
----------------------------------------
Exception occurred during processing of request from ('::1', 57467, 0, 0)
Traceback (most recent call last):
  File "C:\Users\biung\AppData\Local\Programs\Python\Python312\Lib\socketserver.py", line 697, in process_request_thread
    self.finish_request(request, client_address)
  File "C:\Users\biung\AppData\Local\Programs\Python\Python312\Lib\http\server.py", line 1311, in finish_request
    self.RequestHandlerClass(request, client_address, self,
  File "C:\Users\biung\AppData\Local\Programs\Python\Python312\Lib\http\server.py", line 672, in __init__
    super().__init__(*args, **kwargs)
  File "C:\Users\biung\AppData\Local\Programs\Python\Python312\Lib\socketserver.py", line 766, in __init__
    self.handle()
  File "C:\Users\biung\AppData\Local\Programs\Python\Python312\Lib\http\server.py", line 436, in handle
    self.handle_one_request()
  File "C:\Users\biung\AppData\Local\Programs\Python\Python312\Lib\http\server.py", line 424, in handle_one_request
    method()
  File "C:\Users\biung\AppData\Local\Programs\Python\Python312\Lib\http\server.py", line 679, in do_GET
    self.copyfile(f, self.wfile)
  File "C:\Users\biung\AppData\Local\Programs\Python\Python312\Lib\http\server.py", line 878, in copyfile
    shutil.copyfileobj(source, outputfile)
  File "C:\Users\biung\AppData\Local\Programs\Python\Python312\Lib\shutil.py", line 204, in copyfileobj
    fdst_write(buf)
  File "C:\Users\biung\AppData\Local\Programs\Python\Python312\Lib\socketserver.py", line 845, in write
    self._sock.sendall(b)
ConnectionResetError: [WinError 10054] 遠端主機已強制關閉一個現存的連線。
----------------------------------------
::1 - - [29/Apr/2026 14:22:12] "GET / HTTP/1.1" 200 -
::1 - - [29/Apr/2026 14:22:12] "GET /assets/data/gathas.json?v=20260428_layout_v4 HTTP/1.1" 200 -
::1 - - [29/Apr/2026 14:22:12] "GET /assets/audio/buddha-music/music_manifest.json HTTP/1.1" 200 -
::1 - - [29/Apr/2026 14:22:12] "GET /assets/data/shrine_offerings.json HTTP/1.1" 200 -
::1 - - [29/Apr/2026 14:22:14] "GET /assets/audio/buddha-music/music-01.mp3 HTTP/1.1" 200 -
----------------------------------------
Exception occurred during processing of request from ('::1', 58404, 0, 0)
Traceback (most recent call last):
  File "C:\Users\biung\AppData\Local\Programs\Python\Python312\Lib\socketserver.py", line 697, in process_request_thread
    self.finish_request(request, client_address)
  File "C:\Users\biung\AppData\Local\Programs\Python\Python312\Lib\http\server.py", line 1311, in finish_request
    self.RequestHandlerClass(request, client_address, self,
  File "C:\Users\biung\AppData\Local\Programs\Python\Python312\Lib\http\server.py", line 672, in __init__
    super().__init__(*args, **kwargs)
  File "C:\Users\biung\AppData\Local\Programs\Python\Python312\Lib\socketserver.py", line 766, in __init__
    self.handle()
  File "C:\Users\biung\AppData\Local\Programs\Python\Python312\Lib\http\server.py", line 436, in handle
    self.handle_one_request()
  File "C:\Users\biung\AppData\Local\Programs\Python\Python312\Lib\http\server.py", line 424, in handle_one_request
    method()
  File "C:\Users\biung\AppData\Local\Programs\Python\Python312\Lib\http\server.py", line 679, in do_GET
    self.copyfile(f, self.wfile)
  File "C:\Users\biung\AppData\Local\Programs\Python\Python312\Lib\http\server.py", line 878, in copyfile
    shutil.copyfileobj(source, outputfile)
  File "C:\Users\biung\AppData\Local\Programs\Python\Python312\Lib\shutil.py", line 204, in copyfileobj
    fdst_write(buf)
  File "C:\Users\biung\AppData\Local\Programs\Python\Python312\Lib\socketserver.py", line 845, in write
    self._sock.sendall(b)
ConnectionResetError: [WinError 10054] 遠端主機已強制關閉一個現存的連線。
----------------------------------------
::1 - - [29/Apr/2026 14:22:43] "GET / HTTP/1.1" 200 -
::1 - - [29/Apr/2026 14:22:43] "GET /assets/data/gathas.json?v=20260428_layout_v4 HTTP/1.1" 200 -
::1 - - [29/Apr/2026 14:22:43] "GET /assets/audio/buddha-music/music_manifest.json HTTP/1.1" 200 -
::1 - - [29/Apr/2026 14:22:43] "GET /assets/data/shrine_offerings.json HTTP/1.1" 200 -
::1 - - [29/Apr/2026 14:22:45] "GET /assets/audio/buddha-music/music-01.mp3 HTTP/1.1" 200 -
----------------------------------------
Exception occurred during processing of request from ('::1', 54049, 0, 0)
Traceback (most recent call last):
  File "C:\Users\biung\AppData\Local\Programs\Python\Python312\Lib\socketserver.py", line 697, in process_request_thread
    self.finish_request(request, client_address)
  File "C:\Users\biung\AppData\Local\Programs\Python\Python312\Lib\http\server.py", line 1311, in finish_request
    self.RequestHandlerClass(request, client_address, self,
  File "C:\Users\biung\AppData\Local\Programs\Python\Python312\Lib\http\server.py", line 672, in __init__
    super().__init__(*args, **kwargs)
  File "C:\Users\biung\AppData\Local\Programs\Python\Python312\Lib\socketserver.py", line 766, in __init__
    self.handle()
  File "C:\Users\biung\AppData\Local\Programs\Python\Python312\Lib\http\server.py", line 436, in handle
    self.handle_one_request()
  File "C:\Users\biung\AppData\Local\Programs\Python\Python312\Lib\http\server.py", line 424, in handle_one_request
    method()
  File "C:\Users\biung\AppData\Local\Programs\Python\Python312\Lib\http\server.py", line 679, in do_GET
    self.copyfile(f, self.wfile)
  File "C:\Users\biung\AppData\Local\Programs\Python\Python312\Lib\http\server.py", line 878, in copyfile
    shutil.copyfileobj(source, outputfile)
  File "C:\Users\biung\AppData\Local\Programs\Python\Python312\Lib\shutil.py", line 204, in copyfileobj
    fdst_write(buf)
  File "C:\Users\biung\AppData\Local\Programs\Python\Python312\Lib\socketserver.py", line 845, in write
    self._sock.sendall(b)
ConnectionResetError: [WinError 10054] 遠端主機已強制關閉一個現存的連線。
----------------------------------------
::1 - - [29/Apr/2026 14:23:06] "GET / HTTP/1.1" 200 -
::1 - - [29/Apr/2026 14:23:13] "GET / HTTP/1.1" 304 -
::1 - - [29/Apr/2026 14:23:13] "GET /assets/data/gathas.json?v=20260428_layout_v4 HTTP/1.1" 200 -
::1 - - [29/Apr/2026 14:23:13] "GET /assets/audio/buddha-music/music_manifest.json HTTP/1.1" 200 -
::1 - - [29/Apr/2026 14:23:13] "GET /assets/data/shrine_offerings.json HTTP/1.1" 200 -
::1 - - [29/Apr/2026 14:23:14] "GET /assets/audio/buddha-music/music-01.mp3 HTTP/1.1" 200 -
----------------------------------------
Exception occurred during processing of request from ('::1', 61009, 0, 0)
Traceback (most recent call last):
  File "C:\Users\biung\AppData\Local\Programs\Python\Python312\Lib\socketserver.py", line 697, in process_request_thread
    self.finish_request(request, client_address)
  File "C:\Users\biung\AppData\Local\Programs\Python\Python312\Lib\http\server.py", line 1311, in finish_request
    self.RequestHandlerClass(request, client_address, self,
  File "C:\Users\biung\AppData\Local\Programs\Python\Python312\Lib\http\server.py", line 672, in __init__
    super().__init__(*args, **kwargs)
  File "C:\Users\biung\AppData\Local\Programs\Python\Python312\Lib\socketserver.py", line 766, in __init__
    self.handle()
  File "C:\Users\biung\AppData\Local\Programs\Python\Python312\Lib\http\server.py", line 436, in handle
    self.handle_one_request()
  File "C:\Users\biung\AppData\Local\Programs\Python\Python312\Lib\http\server.py", line 424, in handle_one_request
    method()
  File "C:\Users\biung\AppData\Local\Programs\Python\Python312\Lib\http\server.py", line 679, in do_GET
    self.copyfile(f, self.wfile)
  File "C:\Users\biung\AppData\Local\Programs\Python\Python312\Lib\http\server.py", line 878, in copyfile
    shutil.copyfileobj(source, outputfile)
  File "C:\Users\biung\AppData\Local\Programs\Python\Python312\Lib\shutil.py", line 204, in copyfileobj
    fdst_write(buf)
  File "C:\Users\biung\AppData\Local\Programs\Python\Python312\Lib\socketserver.py", line 845, in write
    self._sock.sendall(b)
ConnectionResetError: [WinError 10054] 遠端主機已強制關閉一個現存的連線。
----------------------------------------
::1 - - [29/Apr/2026 14:23:48] "GET / HTTP/1.1" 200 -
::1 - - [29/Apr/2026 14:23:49] "GET /assets/data/gathas.json?v=20260428_layout_v4 HTTP/1.1" 200 -
::1 - - [29/Apr/2026 14:23:49] "GET /assets/audio/buddha-music/music_manifest.json HTTP/1.1" 200 -
::1 - - [29/Apr/2026 14:23:50] "GET /assets/data/shrine_offerings.json HTTP/1.1" 200 -
::1 - - [29/Apr/2026 14:23:50] "GET /assets/images/deities/shakyamuni.png?v=20260428_layout_v4 HTTP/1.1" 200 -
::1 - - [29/Apr/2026 14:23:50] "GET /assets/images/deities/vajrasattva.png?v=20260428_layout_v4 HTTP/1.1" 200 -
::1 - - [29/Apr/2026 14:23:50] "GET /assets/images/deities/yaoshi-buddha.png?v=20260428_layout_v4 HTTP/1.1" 200 -
::1 - - [29/Apr/2026 14:23:50] "GET /assets/images/deities/padmasambhava.png?v=20260428_layout_v4 HTTP/1.1" 200 -
::1 - - [29/Apr/2026 14:23:50] "GET /assets/images/deities/amitabha.png?v=20260428_layout_v4 HTTP/1.1" 200 -
::1 - - [29/Apr/2026 14:23:50] "GET /assets/images/deities/manjushri.png?v=20260428_layout_v4 HTTP/1.1" 200 -
::1 - - [29/Apr/2026 14:23:50] "GET /assets/images/deities/chenrezig-four-arm.png?v=20260428_layout_v4 HTTP/1.1" 200 -
::1 - - [29/Apr/2026 14:23:50] "GET /assets/images/deities/green-tara.png?v=20260428_layout_v4 HTTP/1.1" 200 -
::1 - - [29/Apr/2026 14:23:50] "GET /assets/images/deities/ksitigarbha.png?v=20260428_layout_v4 HTTP/1.1" 200 -
::1 - - [29/Apr/2026 14:23:50] "GET /assets/images/deities/yellow-jambhala.png?v=20260428_layout_v4 HTTP/1.1" 200 -
::1 - - [29/Apr/2026 14:23:50] "GET /assets/images/offerings/lamp.png?v=20260428_layout_v4 HTTP/1.1" 200 -
::1 - - [29/Apr/2026 14:23:50] "GET /assets/images/offerings/incense.png?v=20260428_layout_v4 HTTP/1.1" 200 -
::1 - - [29/Apr/2026 14:23:50] "GET /assets/images/offerings/water.png?v=20260428_layout_v4 HTTP/1.1" 200 -
::1 - - [29/Apr/2026 14:23:50] "GET /assets/images/offerings/flower.png?v=20260428_layout_v4 HTTP/1.1" 200 -
::1 - - [29/Apr/2026 14:23:50] "GET /assets/images/offerings/fruit.png?v=20260428_layout_v4 HTTP/1.1" 200 -
::1 - - [29/Apr/2026 14:23:50] "GET /assets/images/offerings/torma.png?v=20260428_layout_v4 HTTP/1.1" 200 -
::1 - - [29/Apr/2026 14:23:50] "GET /assets/images/offerings/mandala.png?v=20260428_layout_v4 HTTP/1.1" 200 -
::1 - - [29/Apr/2026 14:23:50] "GET /assets/images/symbols/parasol.png?v=20260428_layout_v4 HTTP/1.1" 200 -
::1 - - [29/Apr/2026 14:23:50] "GET /assets/images/symbols/golden-fish.png?v=20260428_layout_v4 HTTP/1.1" 200 -
::1 - - [29/Apr/2026 14:23:50] "GET /assets/images/symbols/treasure-vase.png?v=20260428_layout_v4 HTTP/1.1" 200 -
::1 - - [29/Apr/2026 14:23:50] "GET /assets/images/symbols/lotus.png?v=20260428_layout_v4 HTTP/1.1" 200 -
::1 - - [29/Apr/2026 14:23:50] "GET /assets/images/symbols/conch.png?v=20260428_layout_v4 HTTP/1.1" 200 -
::1 - - [29/Apr/2026 14:23:50] "GET /assets/images/symbols/endless-knot.png?v=20260428_layout_v4 HTTP/1.1" 200 -
::1 - - [29/Apr/2026 14:23:50] "GET /assets/images/symbols/victory-banner.png?v=20260428_layout_v4 HTTP/1.1" 200 -
::1 - - [29/Apr/2026 14:23:50] "GET /assets/images/symbols/dharma-wheel.png?v=20260428_layout_v4 HTTP/1.1" 200 -
::1 - - [29/Apr/2026 14:24:00] "GET /assets/audio/buddha-music/music-01.mp3 HTTP/1.1" 200 -
::1 - - [29/Apr/2026 14:24:21] "GET / HTTP/1.1" 304 -
::1 - - [29/Apr/2026 14:24:22] "GET /assets/data/gathas.json?v=20260428_layout_v4 HTTP/1.1" 200 -
::1 - - [29/Apr/2026 14:24:22] "GET /assets/audio/buddha-music/music_manifest.json HTTP/1.1" 200 -
::1 - - [29/Apr/2026 14:24:22] "GET /assets/data/shrine_offerings.json HTTP/1.1" 200 -
----------------------------------------
Exception occurred during processing of request from ('::1', 50709, 0, 0)
Traceback (most recent call last):
  File "C:\Users\biung\AppData\Local\Programs\Python\Python312\Lib\socketserver.py", line 697, in process_request_thread
    self.finish_request(request, client_address)
  File "C:\Users\biung\AppData\Local\Programs\Python\Python312\Lib\http\server.py", line 1311, in finish_request
    self.RequestHandlerClass(request, client_address, self,
  File "C:\Users\biung\AppData\Local\Programs\Python\Python312\Lib\http\server.py", line 672, in __init__
    super().__init__(*args, **kwargs)
  File "C:\Users\biung\AppData\Local\Programs\Python\Python312\Lib\socketserver.py", line 766, in __init__
    self.handle()
  File "C:\Users\biung\AppData\Local\Programs\Python\Python312\Lib\http\server.py", line 436, in handle
    self.handle_one_request()
  File "C:\Users\biung\AppData\Local\Programs\Python\Python312\Lib\http\server.py", line 424, in handle_one_request
    method()
  File "C:\Users\biung\AppData\Local\Programs\Python\Python312\Lib\http\server.py", line 679, in do_GET
    self.copyfile(f, self.wfile)
  File "C:\Users\biung\AppData\Local\Programs\Python\Python312\Lib\http\server.py", line 878, in copyfile
    shutil.copyfileobj(source, outputfile)
  File "C:\Users\biung\AppData\Local\Programs\Python\Python312\Lib\shutil.py", line 204, in copyfileobj
    fdst_write(buf)
  File "C:\Users\biung\AppData\Local\Programs\Python\Python312\Lib\socketserver.py", line 845, in write
    self._sock.sendall(b)
ConnectionResetError: [WinError 10054] 遠端主機已強制關閉一個現存的連線。
----------------------------------------
::1 - - [29/Apr/2026 14:24:23] "GET /assets/audio/buddha-music/music-01.mp3 HTTP/1.1" 200 -
::1 - - [29/Apr/2026 14:24:27] "GET / HTTP/1.1" 200 -
::1 - - [29/Apr/2026 14:24:28] "GET /assets/data/gathas.json?v=20260428_layout_v4 HTTP/1.1" 200 -
::1 - - [29/Apr/2026 14:24:28] "GET /assets/audio/buddha-music/music_manifest.json HTTP/1.1" 200 -
::1 - - [29/Apr/2026 14:24:28] "GET /assets/data/shrine_offerings.json HTTP/1.1" 200 -
::1 - - [29/Apr/2026 14:24:28] "GET /assets/images/deities/shakyamuni.png?v=20260428_layout_v4 HTTP/1.1" 200 -
::1 - - [29/Apr/2026 14:24:28] "GET /assets/images/deities/amitabha.png?v=20260428_layout_v4 HTTP/1.1" 200 -
::1 - - [29/Apr/2026 14:24:28] "GET /assets/images/deities/yaoshi-buddha.png?v=20260428_layout_v4 HTTP/1.1" 200 -
::1 - - [29/Apr/2026 14:24:28] "GET /assets/images/deities/manjushri.png?v=20260428_layout_v4 HTTP/1.1" 200 -
::1 - - [29/Apr/2026 14:24:28] "GET /assets/images/deities/vajrasattva.png?v=20260428_layout_v4 HTTP/1.1" 200 -
::1 - - [29/Apr/2026 14:24:28] "GET /assets/images/deities/padmasambhava.png?v=20260428_layout_v4 HTTP/1.1" 200 -
::1 - - [29/Apr/2026 14:24:28] "GET /assets/images/deities/chenrezig-four-arm.png?v=20260428_layout_v4 HTTP/1.1" 200 -
::1 - - [29/Apr/2026 14:24:28] "GET /assets/images/deities/green-tara.png?v=20260428_layout_v4 HTTP/1.1" 200 -
::1 - - [29/Apr/2026 14:24:28] "GET /assets/images/deities/ksitigarbha.png?v=20260428_layout_v4 HTTP/1.1" 200 -
::1 - - [29/Apr/2026 14:24:28] "GET /assets/images/deities/yellow-jambhala.png?v=20260428_layout_v4 HTTP/1.1" 200 -
::1 - - [29/Apr/2026 14:24:28] "GET /assets/images/offerings/lamp.png?v=20260428_layout_v4 HTTP/1.1" 200 -
::1 - - [29/Apr/2026 14:24:28] "GET /assets/images/offerings/incense.png?v=20260428_layout_v4 HTTP/1.1" 200 -
::1 - - [29/Apr/2026 14:24:28] "GET /assets/images/offerings/water.png?v=20260428_layout_v4 HTTP/1.1" 200 -
::1 - - [29/Apr/2026 14:24:28] "GET /assets/images/offerings/flower.png?v=20260428_layout_v4 HTTP/1.1" 200 -
::1 - - [29/Apr/2026 14:24:28] "GET /assets/images/offerings/fruit.png?v=20260428_layout_v4 HTTP/1.1" 200 -
::1 - - [29/Apr/2026 14:24:28] "GET /assets/images/offerings/torma.png?v=20260428_layout_v4 HTTP/1.1" 200 -
::1 - - [29/Apr/2026 14:24:28] "GET /assets/images/offerings/mandala.png?v=20260428_layout_v4 HTTP/1.1" 200 -
::1 - - [29/Apr/2026 14:24:28] "GET /assets/images/symbols/parasol.png?v=20260428_layout_v4 HTTP/1.1" 200 -
::1 - - [29/Apr/2026 14:24:28] "GET /assets/images/symbols/golden-fish.png?v=20260428_layout_v4 HTTP/1.1" 200 -
::1 - - [29/Apr/2026 14:24:28] "GET /assets/images/symbols/treasure-vase.png?v=20260428_layout_v4 HTTP/1.1" 200 -
::1 - - [29/Apr/2026 14:24:28] "GET /assets/images/symbols/lotus.png?v=20260428_layout_v4 HTTP/1.1" 200 -
::1 - - [29/Apr/2026 14:24:28] "GET /assets/images/symbols/conch.png?v=20260428_layout_v4 HTTP/1.1" 200 -
::1 - - [29/Apr/2026 14:24:28] "GET /assets/images/symbols/endless-knot.png?v=20260428_layout_v4 HTTP/1.1" 200 -
::1 - - [29/Apr/2026 14:24:28] "GET /assets/images/symbols/victory-banner.png?v=20260428_layout_v4 HTTP/1.1" 200 -
::1 - - [29/Apr/2026 14:24:28] "GET /assets/images/symbols/dharma-wheel.png?v=20260428_layout_v4 HTTP/1.1" 200 -
----------------------------------------
Exception occurred during processing of request from ('::1', 58759, 0, 0)
Traceback (most recent call last):
  File "C:\Users\biung\AppData\Local\Programs\Python\Python312\Lib\socketserver.py", line 697, in process_request_thread
    self.finish_request(request, client_address)
  File "C:\Users\biung\AppData\Local\Programs\Python\Python312\Lib\http\server.py", line 1311, in finish_request
    self.RequestHandlerClass(request, client_address, self,
  File "C:\Users\biung\AppData\Local\Programs\Python\Python312\Lib\http\server.py", line 672, in __init__
    super().__init__(*args, **kwargs)
  File "C:\Users\biung\AppData\Local\Programs\Python\Python312\Lib\socketserver.py", line 766, in __init__
    self.handle()
  File "C:\Users\biung\AppData\Local\Programs\Python\Python312\Lib\http\server.py", line 436, in handle
    self.handle_one_request()
  File "C:\Users\biung\AppData\Local\Programs\Python\Python312\Lib\http\server.py", line 424, in handle_one_request
    method()
  File "C:\Users\biung\AppData\Local\Programs\Python\Python312\Lib\http\server.py", line 679, in do_GET
    self.copyfile(f, self.wfile)
  File "C:\Users\biung\AppData\Local\Programs\Python\Python312\Lib\http\server.py", line 878, in copyfile
    shutil.copyfileobj(source, outputfile)
  File "C:\Users\biung\AppData\Local\Programs\Python\Python312\Lib\shutil.py", line 204, in copyfileobj
    fdst_write(buf)
  File "C:\Users\biung\AppData\Local\Programs\Python\Python312\Lib\socketserver.py", line 845, in write
    self._sock.sendall(b)
ConnectionResetError: [WinError 10054] 遠端主機已強制關閉一個現存的連線。
----------------------------------------
::1 - - [29/Apr/2026 14:24:39] "GET /admin.html HTTP/1.1" 200 -
::1 - - [29/Apr/2026 14:24:39] "GET /assets/data/shrine_offerings.json HTTP/1.1" 200 -
::1 - - [29/Apr/2026 14:24:39] "GET /assets/data/gathas.json HTTP/1.1" 200 -
::1 - - [29/Apr/2026 14:26:37] "GET / HTTP/1.1" 200 -
::1 - - [29/Apr/2026 14:26:37] "GET /assets/data/gathas.json?v=20260428_layout_v4 HTTP/1.1" 200 -
::1 - - [29/Apr/2026 14:26:37] "GET /assets/audio/buddha-music/music_manifest.json HTTP/1.1" 200 -
::1 - - [29/Apr/2026 14:26:37] "GET /assets/data/shrine_offerings.json HTTP/1.1" 200 -
::1 - - [29/Apr/2026 14:26:38] "GET /assets/audio/buddha-music/music-01.mp3 HTTP/1.1" 200 -
----------------------------------------
Exception occurred during processing of request from ('::1', 58114, 0, 0)
Traceback (most recent call last):
  File "C:\Users\biung\AppData\Local\Programs\Python\Python312\Lib\socketserver.py", line 697, in process_request_thread
    self.finish_request(request, client_address)
  File "C:\Users\biung\AppData\Local\Programs\Python\Python312\Lib\http\server.py", line 1311, in finish_request
    self.RequestHandlerClass(request, client_address, self,
  File "C:\Users\biung\AppData\Local\Programs\Python\Python312\Lib\http\server.py", line 672, in __init__
    super().__init__(*args, **kwargs)
  File "C:\Users\biung\AppData\Local\Programs\Python\Python312\Lib\socketserver.py", line 766, in __init__
    self.handle()
  File "C:\Users\biung\AppData\Local\Programs\Python\Python312\Lib\http\server.py", line 436, in handle
    self.handle_one_request()
  File "C:\Users\biung\AppData\Local\Programs\Python\Python312\Lib\http\server.py", line 424, in handle_one_request
    method()
  File "C:\Users\biung\AppData\Local\Programs\Python\Python312\Lib\http\server.py", line 679, in do_GET
    self.copyfile(f, self.wfile)
  File "C:\Users\biung\AppData\Local\Programs\Python\Python312\Lib\http\server.py", line 878, in copyfile
    shutil.copyfileobj(source, outputfile)
  File "C:\Users\biung\AppData\Local\Programs\Python\Python312\Lib\shutil.py", line 204, in copyfileobj
    fdst_write(buf)
  File "C:\Users\biung\AppData\Local\Programs\Python\Python312\Lib\socketserver.py", line 845, in write
    self._sock.sendall(b)
ConnectionResetError: [WinError 10054] 遠端主機已強制關閉一個現存的連線。
----------------------------------------
::1 - - [29/Apr/2026 14:28:34] "GET / HTTP/1.1" 200 -
::1 - - [29/Apr/2026 14:28:35] "GET /assets/data/gathas.json?v=20260428_layout_v4 HTTP/1.1" 200 -
::1 - - [29/Apr/2026 14:28:35] "GET /assets/audio/buddha-music/music_manifest.json HTTP/1.1" 200 -
::1 - - [29/Apr/2026 14:28:36] "GET /assets/data/shrine_offerings.json HTTP/1.1" 200 -
::1 - - [29/Apr/2026 14:28:36] "GET /assets/images/deities/shakyamuni.png?v=20260428_layout_v4 HTTP/1.1" 200 -
::1 - - [29/Apr/2026 14:28:36] "GET /assets/images/deities/amitabha.png?v=20260428_layout_v4 HTTP/1.1" 200 -
::1 - - [29/Apr/2026 14:28:36] "GET /assets/images/deities/yaoshi-buddha.png?v=20260428_layout_v4 HTTP/1.1" 200 -
::1 - - [29/Apr/2026 14:28:36] "GET /assets/images/deities/padmasambhava.png?v=20260428_layout_v4 HTTP/1.1" 200 -
::1 - - [29/Apr/2026 14:28:36] "GET /assets/images/deities/vajrasattva.png?v=20260428_layout_v4 HTTP/1.1" 200 -
::1 - - [29/Apr/2026 14:28:36] "GET /assets/images/deities/manjushri.png?v=20260428_layout_v4 HTTP/1.1" 200 -
::1 - - [29/Apr/2026 14:28:36] "GET /assets/images/deities/chenrezig-four-arm.png?v=20260428_layout_v4 HTTP/1.1" 200 -
::1 - - [29/Apr/2026 14:28:36] "GET /assets/images/deities/green-tara.png?v=20260428_layout_v4 HTTP/1.1" 200 -
::1 - - [29/Apr/2026 14:28:36] "GET /assets/images/deities/ksitigarbha.png?v=20260428_layout_v4 HTTP/1.1" 200 -
::1 - - [29/Apr/2026 14:28:36] "GET /assets/images/deities/yellow-jambhala.png?v=20260428_layout_v4 HTTP/1.1" 200 -
::1 - - [29/Apr/2026 14:28:36] "GET /assets/images/offerings/lamp.png?v=20260428_layout_v4 HTTP/1.1" 200 -
::1 - - [29/Apr/2026 14:28:36] "GET /assets/images/offerings/incense.png?v=20260428_layout_v4 HTTP/1.1" 200 -
::1 - - [29/Apr/2026 14:28:36] "GET /assets/images/offerings/water.png?v=20260428_layout_v4 HTTP/1.1" 200 -
::1 - - [29/Apr/2026 14:28:36] "GET /assets/images/offerings/flower.png?v=20260428_layout_v4 HTTP/1.1" 200 -
::1 - - [29/Apr/2026 14:28:36] "GET /assets/images/offerings/fruit.png?v=20260428_layout_v4 HTTP/1.1" 200 -
::1 - - [29/Apr/2026 14:28:36] "GET /assets/images/offerings/torma.png?v=20260428_layout_v4 HTTP/1.1" 200 -
::1 - - [29/Apr/2026 14:28:36] "GET /assets/images/offerings/mandala.png?v=20260428_layout_v4 HTTP/1.1" 200 -
::1 - - [29/Apr/2026 14:28:36] "GET /assets/images/symbols/parasol.png?v=20260428_layout_v4 HTTP/1.1" 200 -
::1 - - [29/Apr/2026 14:28:36] "GET /assets/images/symbols/golden-fish.png?v=20260428_layout_v4 HTTP/1.1" 200 -
::1 - - [29/Apr/2026 14:28:36] "GET /assets/images/symbols/treasure-vase.png?v=20260428_layout_v4 HTTP/1.1" 200 -
::1 - - [29/Apr/2026 14:28:36] "GET /assets/images/symbols/lotus.png?v=20260428_layout_v4 HTTP/1.1" 200 -
::1 - - [29/Apr/2026 14:28:36] "GET /assets/images/symbols/conch.png?v=20260428_layout_v4 HTTP/1.1" 200 -
::1 - - [29/Apr/2026 14:28:36] "GET /assets/images/symbols/endless-knot.png?v=20260428_layout_v4 HTTP/1.1" 200 -
::1 - - [29/Apr/2026 14:28:36] "GET /assets/images/symbols/victory-banner.png?v=20260428_layout_v4 HTTP/1.1" 200 -
::1 - - [29/Apr/2026 14:28:36] "GET /assets/images/symbols/dharma-wheel.png?v=20260428_layout_v4 HTTP/1.1" 200 -
::1 - - [29/Apr/2026 14:28:46] "GET /assets/audio/buddha-music/music-01.mp3 HTTP/1.1" 200 -
::1 - - [29/Apr/2026 14:29:08] "GET / HTTP/1.1" 200 -
::1 - - [29/Apr/2026 14:29:08] "GET /assets/data/gathas.json?v=20260428_layout_v4 HTTP/1.1" 200 -
::1 - - [29/Apr/2026 14:29:08] "GET /assets/audio/buddha-music/music_manifest.json HTTP/1.1" 200 -
::1 - - [29/Apr/2026 14:29:09] "GET /assets/data/shrine_offerings.json HTTP/1.1" 200 -
----------------------------------------
Exception occurred during processing of request from ('::1', 56457, 0, 0)
Traceback (most recent call last):
  File "C:\Users\biung\AppData\Local\Programs\Python\Python312\Lib\socketserver.py", line 697, in process_request_thread
    self.finish_request(request, client_address)
  File "C:\Users\biung\AppData\Local\Programs\Python\Python312\Lib\http\server.py", line 1311, in finish_request
    self.RequestHandlerClass(request, client_address, self,
  File "C:\Users\biung\AppData\Local\Programs\Python\Python312\Lib\http\server.py", line 672, in __init__
    super().__init__(*args, **kwargs)
  File "C:\Users\biung\AppData\Local\Programs\Python\Python312\Lib\socketserver.py", line 766, in __init__
    self.handle()
  File "C:\Users\biung\AppData\Local\Programs\Python\Python312\Lib\http\server.py", line 436, in handle
    self.handle_one_request()
  File "C:\Users\biung\AppData\Local\Programs\Python\Python312\Lib\http\server.py", line 424, in handle_one_request
    method()
  File "C:\Users\biung\AppData\Local\Programs\Python\Python312\Lib\http\server.py", line 679, in do_GET
    self.copyfile(f, self.wfile)
  File "C:\Users\biung\AppData\Local\Programs\Python\Python312\Lib\http\server.py", line 878, in copyfile
    shutil.copyfileobj(source, outputfile)
  File "C:\Users\biung\AppData\Local\Programs\Python\Python312\Lib\shutil.py", line 204, in copyfileobj
    fdst_write(buf)
  File "C:\Users\biung\AppData\Local\Programs\Python\Python312\Lib\socketserver.py", line 845, in write
    self._sock.sendall(b)
ConnectionResetError: [WinError 10054] 遠端主機已強制關閉一個現存的連線。
----------------------------------------
::1 - - [29/Apr/2026 14:29:10] "GET /assets/audio/buddha-music/music-01.mp3 HTTP/1.1" 200 -
::1 - - [29/Apr/2026 14:29:17] "GET / HTTP/1.1" 200 -
::1 - - [29/Apr/2026 14:29:18] "GET /assets/data/gathas.json?v=20260428_layout_v4 HTTP/1.1" 200 -
::1 - - [29/Apr/2026 14:29:18] "GET /assets/audio/buddha-music/music_manifest.json HTTP/1.1" 200 -
::1 - - [29/Apr/2026 14:29:18] "GET /assets/data/shrine_offerings.json HTTP/1.1" 200 -
::1 - - [29/Apr/2026 14:29:18] "GET /assets/images/deities/shakyamuni.png?v=20260428_layout_v4 HTTP/1.1" 200 -
::1 - - [29/Apr/2026 14:29:18] "GET /assets/images/deities/amitabha.png?v=20260428_layout_v4 HTTP/1.1" 200 -
::1 - - [29/Apr/2026 14:29:18] "GET /assets/images/deities/vajrasattva.png?v=20260428_layout_v4 HTTP/1.1" 200 -
::1 - - [29/Apr/2026 14:29:18] "GET /assets/images/deities/padmasambhava.png?v=20260428_layout_v4 HTTP/1.1" 200 -
::1 - - [29/Apr/2026 14:29:18] "GET /assets/images/deities/yaoshi-buddha.png?v=20260428_layout_v4 HTTP/1.1" 200 -
::1 - - [29/Apr/2026 14:29:18] "GET /assets/images/deities/manjushri.png?v=20260428_layout_v4 HTTP/1.1" 200 -
::1 - - [29/Apr/2026 14:29:18] "GET /assets/images/deities/chenrezig-four-arm.png?v=20260428_layout_v4 HTTP/1.1" 200 -
::1 - - [29/Apr/2026 14:29:18] "GET /assets/images/deities/green-tara.png?v=20260428_layout_v4 HTTP/1.1" 200 -
::1 - - [29/Apr/2026 14:29:18] "GET /assets/images/deities/ksitigarbha.png?v=20260428_layout_v4 HTTP/1.1" 200 -
::1 - - [29/Apr/2026 14:29:18] "GET /assets/images/deities/yellow-jambhala.png?v=20260428_layout_v4 HTTP/1.1" 200 -
::1 - - [29/Apr/2026 14:29:18] "GET /assets/images/offerings/lamp.png?v=20260428_layout_v4 HTTP/1.1" 200 -
::1 - - [29/Apr/2026 14:29:18] "GET /assets/images/offerings/incense.png?v=20260428_layout_v4 HTTP/1.1" 200 -
::1 - - [29/Apr/2026 14:29:18] "GET /assets/images/offerings/water.png?v=20260428_layout_v4 HTTP/1.1" 200 -
::1 - - [29/Apr/2026 14:29:18] "GET /assets/images/offerings/fruit.png?v=20260428_layout_v4 HTTP/1.1" 200 -
::1 - - [29/Apr/2026 14:29:18] "GET /assets/images/offerings/flower.png?v=20260428_layout_v4 HTTP/1.1" 200 -
::1 - - [29/Apr/2026 14:29:18] "GET /assets/images/offerings/torma.png?v=20260428_layout_v4 HTTP/1.1" 200 -
::1 - - [29/Apr/2026 14:29:18] "GET /assets/images/offerings/mandala.png?v=20260428_layout_v4 HTTP/1.1" 200 -
::1 - - [29/Apr/2026 14:29:18] "GET /assets/images/symbols/parasol.png?v=20260428_layout_v4 HTTP/1.1" 200 -
::1 - - [29/Apr/2026 14:29:18] "GET /assets/images/symbols/golden-fish.png?v=20260428_layout_v4 HTTP/1.1" 200 -
::1 - - [29/Apr/2026 14:29:18] "GET /assets/images/symbols/treasure-vase.png?v=20260428_layout_v4 HTTP/1.1" 200 -
::1 - - [29/Apr/2026 14:29:18] "GET /assets/images/symbols/lotus.png?v=20260428_layout_v4 HTTP/1.1" 200 -
::1 - - [29/Apr/2026 14:29:18] "GET /assets/images/symbols/conch.png?v=20260428_layout_v4 HTTP/1.1" 200 -
::1 - - [29/Apr/2026 14:29:18] "GET /assets/images/symbols/endless-knot.png?v=20260428_layout_v4 HTTP/1.1" 200 -
::1 - - [29/Apr/2026 14:29:18] "GET /assets/images/symbols/victory-banner.png?v=20260428_layout_v4 HTTP/1.1" 200 -
::1 - - [29/Apr/2026 14:29:18] "GET /assets/images/symbols/dharma-wheel.png?v=20260428_layout_v4 HTTP/1.1" 200 -
----------------------------------------
Exception occurred during processing of request from ('::1', 51944, 0, 0)
Traceback (most recent call last):
  File "C:\Users\biung\AppData\Local\Programs\Python\Python312\Lib\socketserver.py", line 697, in process_request_thread
    self.finish_request(request, client_address)
  File "C:\Users\biung\AppData\Local\Programs\Python\Python312\Lib\http\server.py", line 1311, in finish_request
    self.RequestHandlerClass(request, client_address, self,
  File "C:\Users\biung\AppData\Local\Programs\Python\Python312\Lib\http\server.py", line 672, in __init__
    super().__init__(*args, **kwargs)
  File "C:\Users\biung\AppData\Local\Programs\Python\Python312\Lib\socketserver.py", line 766, in __init__
    self.handle()
  File "C:\Users\biung\AppData\Local\Programs\Python\Python312\Lib\http\server.py", line 436, in handle
    self.handle_one_request()
  File "C:\Users\biung\AppData\Local\Programs\Python\Python312\Lib\http\server.py", line 424, in handle_one_request
    method()
  File "C:\Users\biung\AppData\Local\Programs\Python\Python312\Lib\http\server.py", line 679, in do_GET
    self.copyfile(f, self.wfile)
  File "C:\Users\biung\AppData\Local\Programs\Python\Python312\Lib\http\server.py", line 878, in copyfile
    shutil.copyfileobj(source, outputfile)
  File "C:\Users\biung\AppData\Local\Programs\Python\Python312\Lib\shutil.py", line 204, in copyfileobj
    fdst_write(buf)
  File "C:\Users\biung\AppData\Local\Programs\Python\Python312\Lib\socketserver.py", line 845, in write
    self._sock.sendall(b)
ConnectionResetError: [WinError 10054] 遠端主機已強制關閉一個現存的連線。
----------------------------------------
::1 - - [29/Apr/2026 14:29:48] "GET / HTTP/1.1" 304 -
::1 - - [29/Apr/2026 14:29:48] "GET /assets/data/gathas.json?v=20260428_layout_v4 HTTP/1.1" 200 -
::1 - - [29/Apr/2026 14:29:48] "GET /assets/audio/buddha-music/music_manifest.json HTTP/1.1" 200 -
::1 - - [29/Apr/2026 14:29:48] "GET /assets/data/shrine_offerings.json HTTP/1.1" 200 -
::1 - - [29/Apr/2026 14:29:49] "GET /assets/audio/buddha-music/music-01.mp3 HTTP/1.1" 200 -
----------------------------------------
Exception occurred during processing of request from ('::1', 55456, 0, 0)
Traceback (most recent call last):
  File "C:\Users\biung\AppData\Local\Programs\Python\Python312\Lib\socketserver.py", line 697, in process_request_thread
    self.finish_request(request, client_address)
  File "C:\Users\biung\AppData\Local\Programs\Python\Python312\Lib\http\server.py", line 1311, in finish_request
    self.RequestHandlerClass(request, client_address, self,
  File "C:\Users\biung\AppData\Local\Programs\Python\Python312\Lib\http\server.py", line 672, in __init__
    super().__init__(*args, **kwargs)
  File "C:\Users\biung\AppData\Local\Programs\Python\Python312\Lib\socketserver.py", line 766, in __init__
    self.handle()
  File "C:\Users\biung\AppData\Local\Programs\Python\Python312\Lib\http\server.py", line 436, in handle
    self.handle_one_request()
  File "C:\Users\biung\AppData\Local\Programs\Python\Python312\Lib\http\server.py", line 424, in handle_one_request
    method()
  File "C:\Users\biung\AppData\Local\Programs\Python\Python312\Lib\http\server.py", line 679, in do_GET
    self.copyfile(f, self.wfile)
  File "C:\Users\biung\AppData\Local\Programs\Python\Python312\Lib\http\server.py", line 878, in copyfile
    shutil.copyfileobj(source, outputfile)
  File "C:\Users\biung\AppData\Local\Programs\Python\Python312\Lib\shutil.py", line 204, in copyfileobj
    fdst_write(buf)
  File "C:\Users\biung\AppData\Local\Programs\Python\Python312\Lib\socketserver.py", line 845, in write
    self._sock.sendall(b)
ConnectionResetError: [WinError 10054] 遠端主機已強制關閉一個現存的連線。
----------------------------------------
::1 - - [29/Apr/2026 14:31:16] "GET / HTTP/1.1" 304 -
::1 - - [29/Apr/2026 14:31:16] "GET /assets/data/gathas.json?v=20260428_layout_v4 HTTP/1.1" 200 -
::1 - - [29/Apr/2026 14:31:16] "GET /assets/audio/buddha-music/music_manifest.json HTTP/1.1" 200 -
::1 - - [29/Apr/2026 14:31:16] "GET /assets/data/shrine_offerings.json HTTP/1.1" 200 -
::1 - - [29/Apr/2026 14:31:17] "GET /assets/audio/buddha-music/music-01.mp3 HTTP/1.1" 200 -
----------------------------------------
Exception occurred during processing of request from ('::1', 53457, 0, 0)
Traceback (most recent call last):
  File "C:\Users\biung\AppData\Local\Programs\Python\Python312\Lib\socketserver.py", line 697, in process_request_thread
    self.finish_request(request, client_address)
  File "C:\Users\biung\AppData\Local\Programs\Python\Python312\Lib\http\server.py", line 1311, in finish_request
    self.RequestHandlerClass(request, client_address, self,
  File "C:\Users\biung\AppData\Local\Programs\Python\Python312\Lib\http\server.py", line 672, in __init__
    super().__init__(*args, **kwargs)
  File "C:\Users\biung\AppData\Local\Programs\Python\Python312\Lib\socketserver.py", line 766, in __init__
    self.handle()
  File "C:\Users\biung\AppData\Local\Programs\Python\Python312\Lib\http\server.py", line 436, in handle
    self.handle_one_request()
  File "C:\Users\biung\AppData\Local\Programs\Python\Python312\Lib\http\server.py", line 424, in handle_one_request
    method()
  File "C:\Users\biung\AppData\Local\Programs\Python\Python312\Lib\http\server.py", line 679, in do_GET
    self.copyfile(f, self.wfile)
  File "C:\Users\biung\AppData\Local\Programs\Python\Python312\Lib\http\server.py", line 878, in copyfile
    shutil.copyfileobj(source, outputfile)
  File "C:\Users\biung\AppData\Local\Programs\Python\Python312\Lib\shutil.py", line 204, in copyfileobj
    fdst_write(buf)
  File "C:\Users\biung\AppData\Local\Programs\Python\Python312\Lib\socketserver.py", line 845, in write
    self._sock.sendall(b)
ConnectionResetError: [WinError 10054] 遠端主機已強制關閉一個現存的連線。
----------------------------------------
::1 - - [29/Apr/2026 14:34:17] "GET / HTTP/1.1" 304 -
::1 - - [29/Apr/2026 14:34:17] "GET /assets/data/gathas.json?v=20260428_layout_v4 HTTP/1.1" 200 -
::1 - - [29/Apr/2026 14:34:17] "GET /assets/audio/buddha-music/music_manifest.json HTTP/1.1" 200 -
::1 - - [29/Apr/2026 14:34:17] "GET /assets/data/shrine_offerings.json HTTP/1.1" 200 -
::1 - - [29/Apr/2026 14:34:18] "GET /assets/audio/buddha-music/music-01.mp3 HTTP/1.1" 200 -
::1 - - [29/Apr/2026 14:34:24] code 404, message File not found
::1 - - [29/Apr/2026 14:34:24] "GET /favicon.ico HTTP/1.1" 404 -
::1 - - [29/Apr/2026 14:35:48] "GET / HTTP/1.1" 304 -
----------------------------------------
Exception occurred during processing of request from ('::1', 59129, 0, 0)
Traceback (most recent call last):
  File "C:\Users\biung\AppData\Local\Programs\Python\Python312\Lib\socketserver.py", line 697, in process_request_thread
    self.finish_request(request, client_address)
  File "C:\Users\biung\AppData\Local\Programs\Python\Python312\Lib\http\server.py", line 1311, in finish_request
    self.RequestHandlerClass(request, client_address, self,
  File "C:\Users\biung\AppData\Local\Programs\Python\Python312\Lib\http\server.py", line 672, in __init__
    super().__init__(*args, **kwargs)
  File "C:\Users\biung\AppData\Local\Programs\Python\Python312\Lib\socketserver.py", line 766, in __init__
    self.handle()
  File "C:\Users\biung\AppData\Local\Programs\Python\Python312\Lib\http\server.py", line 436, in handle
    self.handle_one_request()
  File "C:\Users\biung\AppData\Local\Programs\Python\Python312\Lib\http\server.py", line 424, in handle_one_request
    method()
  File "C:\Users\biung\AppData\Local\Programs\Python\Python312\Lib\http\server.py", line 679, in do_GET
    self.copyfile(f, self.wfile)
  File "C:\Users\biung\AppData\Local\Programs\Python\Python312\Lib\http\server.py", line 878, in copyfile
    shutil.copyfileobj(source, outputfile)
  File "C:\Users\biung\AppData\Local\Programs\Python\Python312\Lib\shutil.py", line 204, in copyfileobj
    fdst_write(buf)
  File "C:\Users\biung\AppData\Local\Programs\Python\Python312\Lib\socketserver.py", line 845, in write
    self._sock.sendall(b)
ConnectionResetError: [WinError 10054] 遠端主機已強制關閉一個現存的連線。
----------------------------------------
::1 - - [29/Apr/2026 14:35:48] "GET /assets/data/gathas.json?v=20260428_layout_v4 HTTP/1.1" 200 -
::1 - - [29/Apr/2026 14:35:48] "GET /assets/audio/buddha-music/music_manifest.json HTTP/1.1" 200 -
::1 - - [29/Apr/2026 14:35:48] "GET /assets/data/shrine_offerings.json HTTP/1.1" 200 -
::1 - - [29/Apr/2026 14:35:49] "GET /assets/audio/buddha-music/music-01.mp3 HTTP/1.1" 200 -
::1 - - [29/Apr/2026 14:35:53] "GET / HTTP/1.1" 304 -
----------------------------------------
Exception occurred during processing of request from ('::1', 52562, 0, 0)
Traceback (most recent call last):
  File "C:\Users\biung\AppData\Local\Programs\Python\Python312\Lib\socketserver.py", line 697, in process_request_thread
    self.finish_request(request, client_address)
  File "C:\Users\biung\AppData\Local\Programs\Python\Python312\Lib\http\server.py", line 1311, in finish_request
    self.RequestHandlerClass(request, client_address, self,
  File "C:\Users\biung\AppData\Local\Programs\Python\Python312\Lib\http\server.py", line 672, in __init__
    super().__init__(*args, **kwargs)
  File "C:\Users\biung\AppData\Local\Programs\Python\Python312\Lib\socketserver.py", line 766, in __init__
    self.handle()
  File "C:\Users\biung\AppData\Local\Programs\Python\Python312\Lib\http\server.py", line 436, in handle
    self.handle_one_request()
  File "C:\Users\biung\AppData\Local\Programs\Python\Python312\Lib\http\server.py", line 424, in handle_one_request
    method()
  File "C:\Users\biung\AppData\Local\Programs\Python\Python312\Lib\http\server.py", line 679, in do_GET
    self.copyfile(f, self.wfile)
  File "C:\Users\biung\AppData\Local\Programs\Python\Python312\Lib\http\server.py", line 878, in copyfile
    shutil.copyfileobj(source, outputfile)
  File "C:\Users\biung\AppData\Local\Programs\Python\Python312\Lib\shutil.py", line 204, in copyfileobj
    fdst_write(buf)
  File "C:\Users\biung\AppData\Local\Programs\Python\Python312\Lib\socketserver.py", line 845, in write
    self._sock.sendall(b)
ConnectionResetError: [WinError 10054] 遠端主機已強制關閉一個現存的連線。
----------------------------------------
::1 - - [29/Apr/2026 14:35:53] "GET /assets/data/gathas.json?v=20260428_layout_v4 HTTP/1.1" 200 -
::1 - - [29/Apr/2026 14:35:53] "GET /assets/audio/buddha-music/music_manifest.json HTTP/1.1" 200 -
::1 - - [29/Apr/2026 14:35:53] "GET /assets/data/shrine_offerings.json HTTP/1.1" 200 -
::1 - - [29/Apr/2026 14:35:54] "GET /assets/audio/buddha-music/music-01.mp3 HTTP/1.1" 200 -
----------------------------------------
Exception occurred during processing of request from ('::1', 61138, 0, 0)
Traceback (most recent call last):
  File "C:\Users\biung\AppData\Local\Programs\Python\Python312\Lib\socketserver.py", line 697, in process_request_thread
    self.finish_request(request, client_address)
  File "C:\Users\biung\AppData\Local\Programs\Python\Python312\Lib\http\server.py", line 1311, in finish_request
    self.RequestHandlerClass(request, client_address, self,
  File "C:\Users\biung\AppData\Local\Programs\Python\Python312\Lib\http\server.py", line 672, in __init__
    super().__init__(*args, **kwargs)
  File "C:\Users\biung\AppData\Local\Programs\Python\Python312\Lib\socketserver.py", line 766, in __init__
    self.handle()
  File "C:\Users\biung\AppData\Local\Programs\Python\Python312\Lib\http\server.py", line 436, in handle
    self.handle_one_request()
  File "C:\Users\biung\AppData\Local\Programs\Python\Python312\Lib\http\server.py", line 424, in handle_one_request
    method()
  File "C:\Users\biung\AppData\Local\Programs\Python\Python312\Lib\http\server.py", line 679, in do_GET
    self.copyfile(f, self.wfile)
  File "C:\Users\biung\AppData\Local\Programs\Python\Python312\Lib\http\server.py", line 878, in copyfile
    shutil.copyfileobj(source, outputfile)
  File "C:\Users\biung\AppData\Local\Programs\Python\Python312\Lib\shutil.py", line 204, in copyfileobj
    fdst_write(buf)
  File "C:\Users\biung\AppData\Local\Programs\Python\Python312\Lib\socketserver.py", line 845, in write
    self._sock.sendall(b)
ConnectionResetError: [WinError 10054] 遠端主機已強制關閉一個現存的連線。
----------------------------------------
::1 - - [29/Apr/2026 14:40:16] "GET / HTTP/1.1" 200 -
::1 - - [29/Apr/2026 14:40:30] "GET / HTTP/1.1" 200 -
::1 - - [29/Apr/2026 14:40:31] "GET /assets/data/gathas.json?v=20260428_layout_v4 HTTP/1.1" 200 -
::1 - - [29/Apr/2026 14:40:31] "GET /assets/audio/buddha-music/music_manifest.json HTTP/1.1" 200 -
::1 - - [29/Apr/2026 14:40:31] "GET /assets/data/shrine_offerings.json HTTP/1.1" 200 -
::1 - - [29/Apr/2026 14:40:31] "GET /assets/images/deities/shakyamuni.png?v=20260428_layout_v4 HTTP/1.1" 200 -
::1 - - [29/Apr/2026 14:40:31] "GET /assets/images/deities/amitabha.png?v=20260428_layout_v4 HTTP/1.1" 200 -
::1 - - [29/Apr/2026 14:40:31] "GET /assets/images/deities/yaoshi-buddha.png?v=20260428_layout_v4 HTTP/1.1" 200 -
::1 - - [29/Apr/2026 14:40:31] "GET /assets/images/deities/padmasambhava.png?v=20260428_layout_v4 HTTP/1.1" 200 -
::1 - - [29/Apr/2026 14:40:31] "GET /assets/images/deities/vajrasattva.png?v=20260428_layout_v4 HTTP/1.1" 200 -
::1 - - [29/Apr/2026 14:40:31] "GET /assets/images/deities/manjushri.png?v=20260428_layout_v4 HTTP/1.1" 200 -
::1 - - [29/Apr/2026 14:40:31] "GET /assets/images/deities/chenrezig-four-arm.png?v=20260428_layout_v4 HTTP/1.1" 200 -
::1 - - [29/Apr/2026 14:40:31] "GET /assets/images/deities/green-tara.png?v=20260428_layout_v4 HTTP/1.1" 200 -
::1 - - [29/Apr/2026 14:40:31] "GET /assets/images/deities/ksitigarbha.png?v=20260428_layout_v4 HTTP/1.1" 200 -
::1 - - [29/Apr/2026 14:40:31] "GET /assets/images/deities/yellow-jambhala.png?v=20260428_layout_v4 HTTP/1.1" 200 -
::1 - - [29/Apr/2026 14:40:31] "GET /assets/images/offerings/lamp.png?v=20260428_layout_v4 HTTP/1.1" 200 -
::1 - - [29/Apr/2026 14:40:31] "GET /assets/images/offerings/incense.png?v=20260428_layout_v4 HTTP/1.1" 200 -
::1 - - [29/Apr/2026 14:40:31] "GET /assets/images/offerings/water.png?v=20260428_layout_v4 HTTP/1.1" 200 -
::1 - - [29/Apr/2026 14:40:31] "GET /assets/images/offerings/flower.png?v=20260428_layout_v4 HTTP/1.1" 200 -
::1 - - [29/Apr/2026 14:40:31] "GET /assets/images/offerings/fruit.png?v=20260428_layout_v4 HTTP/1.1" 200 -
::1 - - [29/Apr/2026 14:40:31] "GET /assets/images/offerings/torma.png?v=20260428_layout_v4 HTTP/1.1" 200 -
::1 - - [29/Apr/2026 14:40:31] "GET /assets/images/offerings/mandala.png?v=20260428_layout_v4 HTTP/1.1" 200 -
::1 - - [29/Apr/2026 14:40:31] "GET /assets/images/symbols/treasure-vase.png?v=20260428_layout_v4 HTTP/1.1" 200 -
::1 - - [29/Apr/2026 14:40:31] "GET /assets/images/symbols/lotus.png?v=20260428_layout_v4 HTTP/1.1" 200 -
::1 - - [29/Apr/2026 14:40:31] "GET /assets/images/symbols/golden-fish.png?v=20260428_layout_v4 HTTP/1.1" 200 -
::1 - - [29/Apr/2026 14:40:31] "GET /assets/images/symbols/parasol.png?v=20260428_layout_v4 HTTP/1.1" 200 -
::1 - - [29/Apr/2026 14:40:31] "GET /assets/images/symbols/conch.png?v=20260428_layout_v4 HTTP/1.1" 200 -
::1 - - [29/Apr/2026 14:40:31] "GET /assets/images/symbols/endless-knot.png?v=20260428_layout_v4 HTTP/1.1" 200 -
::1 - - [29/Apr/2026 14:40:31] "GET /assets/images/symbols/victory-banner.png?v=20260428_layout_v4 HTTP/1.1" 200 -
::1 - - [29/Apr/2026 14:40:31] "GET /assets/images/symbols/dharma-wheel.png?v=20260428_layout_v4 HTTP/1.1" 200 -
::1 - - [29/Apr/2026 14:40:31] "GET /assets/audio/buddha-music/music-01.mp3 HTTP/1.1" 200 -
----------------------------------------
Exception occurred during processing of request from ('::1', 63266, 0, 0)
Traceback (most recent call last):
  File "C:\Users\biung\AppData\Local\Programs\Python\Python312\Lib\socketserver.py", line 697, in process_request_thread
    self.finish_request(request, client_address)
  File "C:\Users\biung\AppData\Local\Programs\Python\Python312\Lib\http\server.py", line 1311, in finish_request
    self.RequestHandlerClass(request, client_address, self,
  File "C:\Users\biung\AppData\Local\Programs\Python\Python312\Lib\http\server.py", line 672, in __init__
    super().__init__(*args, **kwargs)
  File "C:\Users\biung\AppData\Local\Programs\Python\Python312\Lib\socketserver.py", line 766, in __init__
    self.handle()
  File "C:\Users\biung\AppData\Local\Programs\Python\Python312\Lib\http\server.py", line 436, in handle
    self.handle_one_request()
  File "C:\Users\biung\AppData\Local\Programs\Python\Python312\Lib\http\server.py", line 424, in handle_one_request
    method()
  File "C:\Users\biung\AppData\Local\Programs\Python\Python312\Lib\http\server.py", line 679, in do_GET
    self.copyfile(f, self.wfile)
  File "C:\Users\biung\AppData\Local\Programs\Python\Python312\Lib\http\server.py", line 878, in copyfile
    shutil.copyfileobj(source, outputfile)
  File "C:\Users\biung\AppData\Local\Programs\Python\Python312\Lib\shutil.py", line 204, in copyfileobj
    fdst_write(buf)
  File "C:\Users\biung\AppData\Local\Programs\Python\Python312\Lib\socketserver.py", line 845, in write
    self._sock.sendall(b)
ConnectionResetError: [WinError 10054] 遠端主機已強制關閉一個現存的連線。
----------------------------------------
::1 - - [29/Apr/2026 14:40:57] "GET / HTTP/1.1" 200 -
::1 - - [29/Apr/2026 14:40:57] "GET /assets/data/gathas.json?v=20260428_layout_v4 HTTP/1.1" 200 -
::1 - - [29/Apr/2026 14:40:57] "GET /assets/audio/buddha-music/music_manifest.json HTTP/1.1" 200 -
::1 - - [29/Apr/2026 14:40:57] "GET /assets/data/shrine_offerings.json HTTP/1.1" 200 -
::1 - - [29/Apr/2026 14:40:58] "GET /assets/audio/buddha-music/music-01.mp3 HTTP/1.1" 200 -
----------------------------------------
Exception occurred during processing of request from ('::1', 58753, 0, 0)
Traceback (most recent call last):
  File "C:\Users\biung\AppData\Local\Programs\Python\Python312\Lib\socketserver.py", line 697, in process_request_thread
    self.finish_request(request, client_address)
  File "C:\Users\biung\AppData\Local\Programs\Python\Python312\Lib\http\server.py", line 1311, in finish_request
    self.RequestHandlerClass(request, client_address, self,
  File "C:\Users\biung\AppData\Local\Programs\Python\Python312\Lib\http\server.py", line 672, in __init__
    super().__init__(*args, **kwargs)
  File "C:\Users\biung\AppData\Local\Programs\Python\Python312\Lib\socketserver.py", line 766, in __init__
    self.handle()
  File "C:\Users\biung\AppData\Local\Programs\Python\Python312\Lib\http\server.py", line 436, in handle
    self.handle_one_request()
  File "C:\Users\biung\AppData\Local\Programs\Python\Python312\Lib\http\server.py", line 424, in handle_one_request
    method()
  File "C:\Users\biung\AppData\Local\Programs\Python\Python312\Lib\http\server.py", line 679, in do_GET
    self.copyfile(f, self.wfile)
  File "C:\Users\biung\AppData\Local\Programs\Python\Python312\Lib\http\server.py", line 878, in copyfile
    shutil.copyfileobj(source, outputfile)
  File "C:\Users\biung\AppData\Local\Programs\Python\Python312\Lib\shutil.py", line 204, in copyfileobj
    fdst_write(buf)
  File "C:\Users\biung\AppData\Local\Programs\Python\Python312\Lib\socketserver.py", line 845, in write
    self._sock.sendall(b)
ConnectionResetError: [WinError 10054] 遠端主機已強制關閉一個現存的連線。
----------------------------------------
::1 - - [29/Apr/2026 14:41:18] "GET / HTTP/1.1" 304 -
::1 - - [29/Apr/2026 14:41:18] "GET /assets/data/gathas.json?v=20260428_layout_v4 HTTP/1.1" 200 -
::1 - - [29/Apr/2026 14:41:18] "GET /assets/audio/buddha-music/music_manifest.json HTTP/1.1" 200 -
::1 - - [29/Apr/2026 14:41:18] "GET /assets/data/shrine_offerings.json HTTP/1.1" 200 -
::1 - - [29/Apr/2026 14:41:19] "GET /assets/audio/buddha-music/music-01.mp3 HTTP/1.1" 200 -
----------------------------------------
Exception occurred during processing of request from ('::1', 63805, 0, 0)
Traceback (most recent call last):
  File "C:\Users\biung\AppData\Local\Programs\Python\Python312\Lib\socketserver.py", line 697, in process_request_thread
    self.finish_request(request, client_address)
  File "C:\Users\biung\AppData\Local\Programs\Python\Python312\Lib\http\server.py", line 1311, in finish_request
    self.RequestHandlerClass(request, client_address, self,
  File "C:\Users\biung\AppData\Local\Programs\Python\Python312\Lib\http\server.py", line 672, in __init__
    super().__init__(*args, **kwargs)
  File "C:\Users\biung\AppData\Local\Programs\Python\Python312\Lib\socketserver.py", line 766, in __init__
    self.handle()
  File "C:\Users\biung\AppData\Local\Programs\Python\Python312\Lib\http\server.py", line 436, in handle
    self.handle_one_request()
  File "C:\Users\biung\AppData\Local\Programs\Python\Python312\Lib\http\server.py", line 424, in handle_one_request
    method()
  File "C:\Users\biung\AppData\Local\Programs\Python\Python312\Lib\http\server.py", line 679, in do_GET
    self.copyfile(f, self.wfile)
  File "C:\Users\biung\AppData\Local\Programs\Python\Python312\Lib\http\server.py", line 878, in copyfile
    shutil.copyfileobj(source, outputfile)
  File "C:\Users\biung\AppData\Local\Programs\Python\Python312\Lib\shutil.py", line 204, in copyfileobj
    fdst_write(buf)
  File "C:\Users\biung\AppData\Local\Programs\Python\Python312\Lib\socketserver.py", line 845, in write
    self._sock.sendall(b)
ConnectionResetError: [WinError 10054] 遠端主機已強制關閉一個現存的連線。
----------------------------------------
::1 - - [29/Apr/2026 14:42:03] "GET / HTTP/1.1" 200 -
::1 - - [29/Apr/2026 14:42:07] "GET /assets/data/gathas.json?v=20260428_layout_v4 HTTP/1.1" 200 -
::1 - - [29/Apr/2026 14:42:07] "GET /assets/audio/buddha-music/music_manifest.json HTTP/1.1" 200 -
::1 - - [29/Apr/2026 14:42:07] "GET /assets/data/shrine_offerings.json HTTP/1.1" 200 -
::1 - - [29/Apr/2026 14:42:07] "GET /assets/images/deities/shakyamuni.png?v=20260428_layout_v4 HTTP/1.1" 200 -
::1 - - [29/Apr/2026 14:42:07] "GET /assets/images/deities/amitabha.png?v=20260428_layout_v4 HTTP/1.1" 200 -
::1 - - [29/Apr/2026 14:42:07] "GET /assets/images/deities/vajrasattva.png?v=20260428_layout_v4 HTTP/1.1" 200 -
::1 - - [29/Apr/2026 14:42:07] "GET /assets/images/deities/padmasambhava.png?v=20260428_layout_v4 HTTP/1.1" 200 -
::1 - - [29/Apr/2026 14:42:07] "GET /assets/images/deities/yaoshi-buddha.png?v=20260428_layout_v4 HTTP/1.1" 200 -
::1 - - [29/Apr/2026 14:42:07] "GET /assets/images/deities/manjushri.png?v=20260428_layout_v4 HTTP/1.1" 200 -
::1 - - [29/Apr/2026 14:42:07] "GET /assets/images/deities/chenrezig-four-arm.png?v=20260428_layout_v4 HTTP/1.1" 200 -
::1 - - [29/Apr/2026 14:42:07] "GET /assets/images/deities/green-tara.png?v=20260428_layout_v4 HTTP/1.1" 200 -
::1 - - [29/Apr/2026 14:42:07] "GET /assets/images/deities/ksitigarbha.png?v=20260428_layout_v4 HTTP/1.1" 200 -
::1 - - [29/Apr/2026 14:42:07] "GET /assets/images/deities/yellow-jambhala.png?v=20260428_layout_v4 HTTP/1.1" 200 -
::1 - - [29/Apr/2026 14:42:07] "GET /assets/images/offerings/lamp.png?v=20260428_layout_v4 HTTP/1.1" 200 -
::1 - - [29/Apr/2026 14:42:07] "GET /assets/images/offerings/incense.png?v=20260428_layout_v4 HTTP/1.1" 200 -
::1 - - [29/Apr/2026 14:42:07] "GET /assets/images/offerings/water.png?v=20260428_layout_v4 HTTP/1.1" 200 -
::1 - - [29/Apr/2026 14:42:07] "GET /assets/images/offerings/flower.png?v=20260428_layout_v4 HTTP/1.1" 200 -
::1 - - [29/Apr/2026 14:42:07] "GET /assets/images/offerings/fruit.png?v=20260428_layout_v4 HTTP/1.1" 200 -
::1 - - [29/Apr/2026 14:42:07] "GET /assets/images/offerings/torma.png?v=20260428_layout_v4 HTTP/1.1" 200 -
::1 - - [29/Apr/2026 14:42:07] "GET /assets/images/offerings/mandala.png?v=20260428_layout_v4 HTTP/1.1" 200 -
::1 - - [29/Apr/2026 14:42:07] "GET /assets/images/symbols/parasol.png?v=20260428_layout_v4 HTTP/1.1" 200 -
::1 - - [29/Apr/2026 14:42:07] "GET /assets/images/symbols/golden-fish.png?v=20260428_layout_v4 HTTP/1.1" 200 -
::1 - - [29/Apr/2026 14:42:07] "GET /assets/images/symbols/treasure-vase.png?v=20260428_layout_v4 HTTP/1.1" 200 -
::1 - - [29/Apr/2026 14:42:07] "GET /assets/images/symbols/lotus.png?v=20260428_layout_v4 HTTP/1.1" 200 -
::1 - - [29/Apr/2026 14:42:07] "GET /assets/images/symbols/conch.png?v=20260428_layout_v4 HTTP/1.1" 200 -
::1 - - [29/Apr/2026 14:42:07] "GET /assets/images/symbols/endless-knot.png?v=20260428_layout_v4 HTTP/1.1" 200 -
::1 - - [29/Apr/2026 14:42:07] "GET /assets/images/symbols/victory-banner.png?v=20260428_layout_v4 HTTP/1.1" 200 -
::1 - - [29/Apr/2026 14:42:07] "GET /assets/images/symbols/dharma-wheel.png?v=20260428_layout_v4 HTTP/1.1" 200 -
::1 - - [29/Apr/2026 14:42:19] "GET / HTTP/1.1" 304 -
::1 - - [29/Apr/2026 14:42:19] "GET /assets/audio/buddha-music/music-01.mp3 HTTP/1.1" 200 -
----------------------------------------
Exception occurred during processing of request from ('::1', 64381, 0, 0)
Traceback (most recent call last):
  File "C:\Users\biung\AppData\Local\Programs\Python\Python312\Lib\socketserver.py", line 697, in process_request_thread
    self.finish_request(request, client_address)
  File "C:\Users\biung\AppData\Local\Programs\Python\Python312\Lib\http\server.py", line 1311, in finish_request
    self.RequestHandlerClass(request, client_address, self,
  File "C:\Users\biung\AppData\Local\Programs\Python\Python312\Lib\http\server.py", line 672, in __init__
    super().__init__(*args, **kwargs)
  File "C:\Users\biung\AppData\Local\Programs\Python\Python312\Lib\socketserver.py", line 766, in __init__
    self.handle()
  File "C:\Users\biung\AppData\Local\Programs\Python\Python312\Lib\http\server.py", line 436, in handle
    self.handle_one_request()
  File "C:\Users\biung\AppData\Local\Programs\Python\Python312\Lib\http\server.py", line 424, in handle_one_request
    method()
  File "C:\Users\biung\AppData\Local\Programs\Python\Python312\Lib\http\server.py", line 679, in do_GET
    self.copyfile(f, self.wfile)
  File "C:\Users\biung\AppData\Local\Programs\Python\Python312\Lib\http\server.py", line 878, in copyfile
    shutil.copyfileobj(source, outputfile)
  File "C:\Users\biung\AppData\Local\Programs\Python\Python312\Lib\shutil.py", line 204, in copyfileobj
    fdst_write(buf)
  File "C:\Users\biung\AppData\Local\Programs\Python\Python312\Lib\socketserver.py", line 845, in write
    self._sock.sendall(b)
ConnectionAbortedError: [WinError 10053] 連線已被您主機上的軟體中止。
----------------------------------------
::1 - - [29/Apr/2026 14:42:19] "GET /assets/data/gathas.json?v=20260428_layout_v4 HTTP/1.1" 200 -
::1 - - [29/Apr/2026 14:42:19] "GET /assets/audio/buddha-music/music_manifest.json HTTP/1.1" 200 -
::1 - - [29/Apr/2026 14:42:19] "GET /assets/data/shrine_offerings.json HTTP/1.1" 200 -
::1 - - [29/Apr/2026 14:42:29] "GET /assets/audio/buddha-music/music-01.mp3 HTTP/1.1" 200 -
----------------------------------------
Exception occurred during processing of request from ('::1', 55176, 0, 0)
Traceback (most recent call last):
  File "C:\Users\biung\AppData\Local\Programs\Python\Python312\Lib\socketserver.py", line 697, in process_request_thread
    self.finish_request(request, client_address)
  File "C:\Users\biung\AppData\Local\Programs\Python\Python312\Lib\http\server.py", line 1311, in finish_request
    self.RequestHandlerClass(request, client_address, self,
  File "C:\Users\biung\AppData\Local\Programs\Python\Python312\Lib\http\server.py", line 672, in __init__
    super().__init__(*args, **kwargs)
  File "C:\Users\biung\AppData\Local\Programs\Python\Python312\Lib\socketserver.py", line 766, in __init__
    self.handle()
  File "C:\Users\biung\AppData\Local\Programs\Python\Python312\Lib\http\server.py", line 436, in handle
    self.handle_one_request()
  File "C:\Users\biung\AppData\Local\Programs\Python\Python312\Lib\http\server.py", line 424, in handle_one_request
    method()
  File "C:\Users\biung\AppData\Local\Programs\Python\Python312\Lib\http\server.py", line 679, in do_GET
    self.copyfile(f, self.wfile)
  File "C:\Users\biung\AppData\Local\Programs\Python\Python312\Lib\http\server.py", line 878, in copyfile
    shutil.copyfileobj(source, outputfile)
  File "C:\Users\biung\AppData\Local\Programs\Python\Python312\Lib\shutil.py", line 204, in copyfileobj
    fdst_write(buf)
  File "C:\Users\biung\AppData\Local\Programs\Python\Python312\Lib\socketserver.py", line 845, in write
    self._sock.sendall(b)
ConnectionResetError: [WinError 10054] 遠端主機已強制關閉一個現存的連線。
----------------------------------------
::1 - - [29/Apr/2026 14:43:11] "GET / HTTP/1.1" 200 -
::1 - - [29/Apr/2026 14:43:12] "GET /assets/data/gathas.json?v=20260428_layout_v4 HTTP/1.1" 200 -
::1 - - [29/Apr/2026 14:43:12] "GET /assets/audio/buddha-music/music_manifest.json HTTP/1.1" 200 -
::1 - - [29/Apr/2026 14:43:12] "GET /assets/data/shrine_offerings.json HTTP/1.1" 200 -
::1 - - [29/Apr/2026 14:43:12] "GET /assets/images/deities/shakyamuni.png?v=20260428_layout_v4 HTTP/1.1" 200 -
::1 - - [29/Apr/2026 14:43:12] "GET /assets/images/deities/amitabha.png?v=20260428_layout_v4 HTTP/1.1" 200 -
::1 - - [29/Apr/2026 14:43:12] "GET /assets/images/deities/vajrasattva.png?v=20260428_layout_v4 HTTP/1.1" 200 -
::1 - - [29/Apr/2026 14:43:12] "GET /assets/images/deities/padmasambhava.png?v=20260428_layout_v4 HTTP/1.1" 200 -
::1 - - [29/Apr/2026 14:43:12] "GET /assets/images/deities/yaoshi-buddha.png?v=20260428_layout_v4 HTTP/1.1" 200 -
::1 - - [29/Apr/2026 14:43:12] "GET /assets/images/deities/manjushri.png?v=20260428_layout_v4 HTTP/1.1" 200 -
::1 - - [29/Apr/2026 14:43:12] "GET /assets/images/deities/chenrezig-four-arm.png?v=20260428_layout_v4 HTTP/1.1" 200 -
::1 - - [29/Apr/2026 14:43:12] "GET /assets/images/deities/green-tara.png?v=20260428_layout_v4 HTTP/1.1" 200 -
::1 - - [29/Apr/2026 14:43:12] "GET /assets/images/deities/ksitigarbha.png?v=20260428_layout_v4 HTTP/1.1" 200 -
::1 - - [29/Apr/2026 14:43:12] "GET /assets/images/deities/yellow-jambhala.png?v=20260428_layout_v4 HTTP/1.1" 200 -
::1 - - [29/Apr/2026 14:43:12] "GET /assets/images/offerings/lamp.png?v=20260428_layout_v4 HTTP/1.1" 200 -
::1 - - [29/Apr/2026 14:43:12] "GET /assets/images/offerings/incense.png?v=20260428_layout_v4 HTTP/1.1" 200 -
::1 - - [29/Apr/2026 14:43:12] "GET /assets/images/offerings/water.png?v=20260428_layout_v4 HTTP/1.1" 200 -
::1 - - [29/Apr/2026 14:43:12] "GET /assets/images/offerings/flower.png?v=20260428_layout_v4 HTTP/1.1" 200 -
::1 - - [29/Apr/2026 14:43:12] "GET /assets/images/offerings/fruit.png?v=20260428_layout_v4 HTTP/1.1" 200 -
::1 - - [29/Apr/2026 14:43:12] "GET /assets/images/offerings/torma.png?v=20260428_layout_v4 HTTP/1.1" 200 -
::1 - - [29/Apr/2026 14:43:12] "GET /assets/images/offerings/mandala.png?v=20260428_layout_v4 HTTP/1.1" 200 -
::1 - - [29/Apr/2026 14:43:12] "GET /assets/images/symbols/parasol.png?v=20260428_layout_v4 HTTP/1.1" 200 -
::1 - - [29/Apr/2026 14:43:12] "GET /assets/images/symbols/golden-fish.png?v=20260428_layout_v4 HTTP/1.1" 200 -
::1 - - [29/Apr/2026 14:43:12] "GET /assets/images/symbols/treasure-vase.png?v=20260428_layout_v4 HTTP/1.1" 200 -
::1 - - [29/Apr/2026 14:43:12] "GET /assets/images/symbols/lotus.png?v=20260428_layout_v4 HTTP/1.1" 200 -
::1 - - [29/Apr/2026 14:43:12] "GET /assets/images/symbols/conch.png?v=20260428_layout_v4 HTTP/1.1" 200 -
::1 - - [29/Apr/2026 14:43:12] "GET /assets/images/symbols/endless-knot.png?v=20260428_layout_v4 HTTP/1.1" 200 -
::1 - - [29/Apr/2026 14:43:12] "GET /assets/images/symbols/victory-banner.png?v=20260428_layout_v4 HTTP/1.1" 200 -
::1 - - [29/Apr/2026 14:43:12] "GET /assets/images/symbols/dharma-wheel.png?v=20260428_layout_v4 HTTP/1.1" 200 -
::1 - - [29/Apr/2026 14:43:15] "GET / HTTP/1.1" 304 -
::1 - - [29/Apr/2026 14:43:15] "GET /assets/data/gathas.json?v=20260428_layout_v4 HTTP/1.1" 200 -
::1 - - [29/Apr/2026 14:43:15] "GET /assets/audio/buddha-music/music_manifest.json HTTP/1.1" 200 -
::1 - - [29/Apr/2026 14:43:15] "GET /assets/data/shrine_offerings.json HTTP/1.1" 200 -
::1 - - [29/Apr/2026 14:44:21] "GET / HTTP/1.1" 200 -
::1 - - [29/Apr/2026 14:44:21] "GET /assets/data/gathas.json?v=20260428_layout_v4 HTTP/1.1" 200 -
::1 - - [29/Apr/2026 14:44:21] "GET /assets/audio/buddha-music/music_manifest.json HTTP/1.1" 200 -
::1 - - [29/Apr/2026 14:44:21] "GET /assets/data/shrine_offerings.json HTTP/1.1" 200 -
::1 - - [29/Apr/2026 14:44:22] "GET /assets/audio/buddha-music/music-01.mp3 HTTP/1.1" 200 -
::1 - - [29/Apr/2026 14:44:33] "GET / HTTP/1.1" 200 -
::1 - - [29/Apr/2026 14:44:34] "GET /assets/data/gathas.json?v=20260428_layout_v4 HTTP/1.1" 200 -
::1 - - [29/Apr/2026 14:44:34] "GET /assets/audio/buddha-music/music_manifest.json HTTP/1.1" 200 -
::1 - - [29/Apr/2026 14:44:34] "GET /assets/data/shrine_offerings.json HTTP/1.1" 200 -
::1 - - [29/Apr/2026 14:44:34] "GET /assets/images/deities/shakyamuni.png?v=20260428_layout_v4 HTTP/1.1" 200 -
::1 - - [29/Apr/2026 14:44:34] "GET /assets/images/deities/amitabha.png?v=20260428_layout_v4 HTTP/1.1" 200 -
::1 - - [29/Apr/2026 14:44:34] "GET /assets/images/deities/vajrasattva.png?v=20260428_layout_v4 HTTP/1.1" 200 -
::1 - - [29/Apr/2026 14:44:34] "GET /assets/images/deities/padmasambhava.png?v=20260428_layout_v4 HTTP/1.1" 200 -
::1 - - [29/Apr/2026 14:44:34] "GET /assets/images/deities/manjushri.png?v=20260428_layout_v4 HTTP/1.1" 200 -
::1 - - [29/Apr/2026 14:44:34] "GET /assets/images/deities/yaoshi-buddha.png?v=20260428_layout_v4 HTTP/1.1" 200 -
::1 - - [29/Apr/2026 14:44:34] "GET /assets/images/deities/chenrezig-four-arm.png?v=20260428_layout_v4 HTTP/1.1" 200 -
::1 - - [29/Apr/2026 14:44:34] "GET /assets/images/deities/green-tara.png?v=20260428_layout_v4 HTTP/1.1" 200 -
::1 - - [29/Apr/2026 14:44:34] "GET /assets/images/deities/ksitigarbha.png?v=20260428_layout_v4 HTTP/1.1" 200 -
::1 - - [29/Apr/2026 14:44:34] "GET /assets/images/deities/yellow-jambhala.png?v=20260428_layout_v4 HTTP/1.1" 200 -
::1 - - [29/Apr/2026 14:44:34] "GET /assets/images/offerings/lamp.png?v=20260428_layout_v4 HTTP/1.1" 200 -
::1 - - [29/Apr/2026 14:44:34] "GET /assets/images/offerings/incense.png?v=20260428_layout_v4 HTTP/1.1" 200 -
::1 - - [29/Apr/2026 14:44:34] "GET /assets/images/offerings/water.png?v=20260428_layout_v4 HTTP/1.1" 200 -
::1 - - [29/Apr/2026 14:44:34] "GET /assets/images/offerings/flower.png?v=20260428_layout_v4 HTTP/1.1" 200 -
::1 - - [29/Apr/2026 14:44:34] "GET /assets/images/offerings/fruit.png?v=20260428_layout_v4 HTTP/1.1" 200 -
::1 - - [29/Apr/2026 14:44:34] "GET /assets/images/offerings/torma.png?v=20260428_layout_v4 HTTP/1.1" 200 -
::1 - - [29/Apr/2026 14:44:34] "GET /assets/images/offerings/mandala.png?v=20260428_layout_v4 HTTP/1.1" 200 -
::1 - - [29/Apr/2026 14:44:34] "GET /assets/images/symbols/parasol.png?v=20260428_layout_v4 HTTP/1.1" 200 -
::1 - - [29/Apr/2026 14:44:34] "GET /assets/images/symbols/golden-fish.png?v=20260428_layout_v4 HTTP/1.1" 200 -
::1 - - [29/Apr/2026 14:44:34] "GET /assets/images/symbols/treasure-vase.png?v=20260428_layout_v4 HTTP/1.1" 200 -
::1 - - [29/Apr/2026 14:44:34] "GET /assets/images/symbols/lotus.png?v=20260428_layout_v4 HTTP/1.1" 200 -
::1 - - [29/Apr/2026 14:44:34] "GET /assets/images/symbols/conch.png?v=20260428_layout_v4 HTTP/1.1" 200 -
::1 - - [29/Apr/2026 14:44:34] "GET /assets/images/symbols/endless-knot.png?v=20260428_layout_v4 HTTP/1.1" 200 -
::1 - - [29/Apr/2026 14:44:34] "GET /assets/images/symbols/victory-banner.png?v=20260428_layout_v4 HTTP/1.1" 200 -
::1 - - [29/Apr/2026 14:44:34] "GET /assets/images/symbols/dharma-wheel.png?v=20260428_layout_v4 HTTP/1.1" 200 -
----------------------------------------
Exception occurred during processing of request from ('::1', 62916, 0, 0)
Traceback (most recent call last):
  File "C:\Users\biung\AppData\Local\Programs\Python\Python312\Lib\socketserver.py", line 697, in process_request_thread
    self.finish_request(request, client_address)
  File "C:\Users\biung\AppData\Local\Programs\Python\Python312\Lib\http\server.py", line 1311, in finish_request
    self.RequestHandlerClass(request, client_address, self,
  File "C:\Users\biung\AppData\Local\Programs\Python\Python312\Lib\http\server.py", line 672, in __init__
    super().__init__(*args, **kwargs)
  File "C:\Users\biung\AppData\Local\Programs\Python\Python312\Lib\socketserver.py", line 766, in __init__
    self.handle()
  File "C:\Users\biung\AppData\Local\Programs\Python\Python312\Lib\http\server.py", line 436, in handle
    self.handle_one_request()
  File "C:\Users\biung\AppData\Local\Programs\Python\Python312\Lib\http\server.py", line 424, in handle_one_request
    method()
  File "C:\Users\biung\AppData\Local\Programs\Python\Python312\Lib\http\server.py", line 679, in do_GET
    self.copyfile(f, self.wfile)
  File "C:\Users\biung\AppData\Local\Programs\Python\Python312\Lib\http\server.py", line 878, in copyfile
    shutil.copyfileobj(source, outputfile)
  File "C:\Users\biung\AppData\Local\Programs\Python\Python312\Lib\shutil.py", line 204, in copyfileobj
    fdst_write(buf)
  File "C:\Users\biung\AppData\Local\Programs\Python\Python312\Lib\socketserver.py", line 845, in write
    self._sock.sendall(b)
ConnectionResetError: [WinError 10054] 遠端主機已強制關閉一個現存的連線。
----------------------------------------
::1 - - [29/Apr/2026 14:44:45] "GET / HTTP/1.1" 304 -
::1 - - [29/Apr/2026 14:44:45] "GET /assets/audio/buddha-music/music-01.mp3 HTTP/1.1" 200 -
----------------------------------------
Exception occurred during processing of request from ('::1', 50346, 0, 0)
Traceback (most recent call last):
  File "C:\Users\biung\AppData\Local\Programs\Python\Python312\Lib\socketserver.py", line 697, in process_request_thread
    self.finish_request(request, client_address)
  File "C:\Users\biung\AppData\Local\Programs\Python\Python312\Lib\http\server.py", line 1311, in finish_request
    self.RequestHandlerClass(request, client_address, self,
  File "C:\Users\biung\AppData\Local\Programs\Python\Python312\Lib\http\server.py", line 672, in __init__
    super().__init__(*args, **kwargs)
  File "C:\Users\biung\AppData\Local\Programs\Python\Python312\Lib\socketserver.py", line 766, in __init__
    self.handle()
  File "C:\Users\biung\AppData\Local\Programs\Python\Python312\Lib\http\server.py", line 436, in handle
    self.handle_one_request()
  File "C:\Users\biung\AppData\Local\Programs\Python\Python312\Lib\http\server.py", line 424, in handle_one_request
    method()
  File "C:\Users\biung\AppData\Local\Programs\Python\Python312\Lib\http\server.py", line 679, in do_GET
    self.copyfile(f, self.wfile)
  File "C:\Users\biung\AppData\Local\Programs\Python\Python312\Lib\http\server.py", line 878, in copyfile
    shutil.copyfileobj(source, outputfile)
  File "C:\Users\biung\AppData\Local\Programs\Python\Python312\Lib\shutil.py", line 204, in copyfileobj
    fdst_write(buf)
  File "C:\Users\biung\AppData\Local\Programs\Python\Python312\Lib\socketserver.py", line 845, in write
    self._sock.sendall(b)
ConnectionAbortedError: [WinError 10053] 連線已被您主機上的軟體中止。
----------------------------------------
::1 - - [29/Apr/2026 14:44:45] "GET /assets/data/gathas.json?v=20260428_layout_v4 HTTP/1.1" 200 -
::1 - - [29/Apr/2026 14:44:45] "GET /assets/audio/buddha-music/music_manifest.json HTTP/1.1" 200 -
::1 - - [29/Apr/2026 14:44:46] "GET /assets/data/shrine_offerings.json HTTP/1.1" 200 -
::1 - - [29/Apr/2026 14:44:53] "GET / HTTP/1.1" 304 -
::1 - - [29/Apr/2026 14:44:53] "GET /assets/data/gathas.json?v=20260428_layout_v4 HTTP/1.1" 200 -
::1 - - [29/Apr/2026 14:44:53] "GET /assets/audio/buddha-music/music_manifest.json HTTP/1.1" 200 -
::1 - - [29/Apr/2026 14:44:54] "GET /assets/data/shrine_offerings.json HTTP/1.1" 200 -
::1 - - [29/Apr/2026 14:44:55] "GET /assets/audio/buddha-music/music-01.mp3 HTTP/1.1" 200 -
::1 - - [29/Apr/2026 14:44:56] "GET /assets/audio/buddha-music/music-01.mp3 HTTP/1.1" 200 -
----------------------------------------
Exception occurred during processing of request from ('::1', 50661, 0, 0)
Traceback (most recent call last):
  File "C:\Users\biung\AppData\Local\Programs\Python\Python312\Lib\socketserver.py", line 697, in process_request_thread
    self.finish_request(request, client_address)
  File "C:\Users\biung\AppData\Local\Programs\Python\Python312\Lib\http\server.py", line 1311, in finish_request
    self.RequestHandlerClass(request, client_address, self,
  File "C:\Users\biung\AppData\Local\Programs\Python\Python312\Lib\http\server.py", line 672, in __init__
    super().__init__(*args, **kwargs)
  File "C:\Users\biung\AppData\Local\Programs\Python\Python312\Lib\socketserver.py", line 766, in __init__
    self.handle()
  File "C:\Users\biung\AppData\Local\Programs\Python\Python312\Lib\http\server.py", line 436, in handle
    self.handle_one_request()
  File "C:\Users\biung\AppData\Local\Programs\Python\Python312\Lib\http\server.py", line 424, in handle_one_request
    method()
  File "C:\Users\biung\AppData\Local\Programs\Python\Python312\Lib\http\server.py", line 679, in do_GET
    self.copyfile(f, self.wfile)
  File "C:\Users\biung\AppData\Local\Programs\Python\Python312\Lib\http\server.py", line 878, in copyfile
    shutil.copyfileobj(source, outputfile)
  File "C:\Users\biung\AppData\Local\Programs\Python\Python312\Lib\shutil.py", line 204, in copyfileobj
    fdst_write(buf)
  File "C:\Users\biung\AppData\Local\Programs\Python\Python312\Lib\socketserver.py", line 845, in write
    self._sock.sendall(b)
ConnectionResetError: [WinError 10054] 遠端主機已強制關閉一個現存的連線。
----------------------------------------
----------------------------------------
Exception occurred during processing of request from ('::1', 53131, 0, 0)
Traceback (most recent call last):
  File "C:\Users\biung\AppData\Local\Programs\Python\Python312\Lib\socketserver.py", line 697, in process_request_thread
    self.finish_request(request, client_address)
  File "C:\Users\biung\AppData\Local\Programs\Python\Python312\Lib\http\server.py", line 1311, in finish_request
    self.RequestHandlerClass(request, client_address, self,
  File "C:\Users\biung\AppData\Local\Programs\Python\Python312\Lib\http\server.py", line 672, in __init__
    super().__init__(*args, **kwargs)
  File "C:\Users\biung\AppData\Local\Programs\Python\Python312\Lib\socketserver.py", line 766, in __init__
    self.handle()
  File "C:\Users\biung\AppData\Local\Programs\Python\Python312\Lib\http\server.py", line 436, in handle
    self.handle_one_request()
  File "C:\Users\biung\AppData\Local\Programs\Python\Python312\Lib\http\server.py", line 424, in handle_one_request
    method()
  File "C:\Users\biung\AppData\Local\Programs\Python\Python312\Lib\http\server.py", line 679, in do_GET
    self.copyfile(f, self.wfile)
  File "C:\Users\biung\AppData\Local\Programs\Python\Python312\Lib\http\server.py", line 878, in copyfile
    shutil.copyfileobj(source, outputfile)
  File "C:\Users\biung\AppData\Local\Programs\Python\Python312\Lib\shutil.py", line 204, in copyfileobj
    fdst_write(buf)
  File "C:\Users\biung\AppData\Local\Programs\Python\Python312\Lib\socketserver.py", line 845, in write
    self._sock.sendall(b)
ConnectionResetError: [WinError 10054] 遠端主機已強制關閉一個現存的連線。
----------------------------------------
::1 - - [29/Apr/2026 14:45:33] "GET / HTTP/1.1" 304 -
::1 - - [29/Apr/2026 14:45:33] "GET /assets/data/gathas.json?v=20260428_layout_v4 HTTP/1.1" 200 -
::1 - - [29/Apr/2026 14:45:33] "GET /assets/audio/buddha-music/music_manifest.json HTTP/1.1" 200 -
::1 - - [29/Apr/2026 14:45:33] "GET /assets/data/shrine_offerings.json HTTP/1.1" 200 -
::1 - - [29/Apr/2026 14:45:34] "GET /assets/audio/buddha-music/music-01.mp3 HTTP/1.1" 200 -
::1 - - [29/Apr/2026 14:45:37] "GET / HTTP/1.1" 200 -
::1 - - [29/Apr/2026 14:45:38] "GET /assets/data/gathas.json?v=20260428_layout_v4 HTTP/1.1" 200 -
::1 - - [29/Apr/2026 14:45:38] "GET /assets/audio/buddha-music/music_manifest.json HTTP/1.1" 200 -
::1 - - [29/Apr/2026 14:45:38] "GET /assets/data/shrine_offerings.json HTTP/1.1" 200 -
::1 - - [29/Apr/2026 14:45:38] "GET /assets/images/deities/shakyamuni.png?v=20260428_layout_v4 HTTP/1.1" 200 -
::1 - - [29/Apr/2026 14:45:38] "GET /assets/images/deities/yaoshi-buddha.png?v=20260428_layout_v4 HTTP/1.1" 200 -
::1 - - [29/Apr/2026 14:45:38] "GET /assets/images/deities/amitabha.png?v=20260428_layout_v4 HTTP/1.1" 200 -
::1 - - [29/Apr/2026 14:45:38] "GET /assets/images/deities/vajrasattva.png?v=20260428_layout_v4 HTTP/1.1" 200 -
::1 - - [29/Apr/2026 14:45:38] "GET /assets/images/deities/padmasambhava.png?v=20260428_layout_v4 HTTP/1.1" 200 -
::1 - - [29/Apr/2026 14:45:38] "GET /assets/images/deities/manjushri.png?v=20260428_layout_v4 HTTP/1.1" 200 -
::1 - - [29/Apr/2026 14:45:38] "GET /assets/images/deities/chenrezig-four-arm.png?v=20260428_layout_v4 HTTP/1.1" 200 -
::1 - - [29/Apr/2026 14:45:38] "GET /assets/images/deities/green-tara.png?v=20260428_layout_v4 HTTP/1.1" 200 -
::1 - - [29/Apr/2026 14:45:38] "GET /assets/images/deities/ksitigarbha.png?v=20260428_layout_v4 HTTP/1.1" 200 -
::1 - - [29/Apr/2026 14:45:38] "GET /assets/images/deities/yellow-jambhala.png?v=20260428_layout_v4 HTTP/1.1" 200 -
::1 - - [29/Apr/2026 14:45:38] "GET /assets/images/offerings/lamp.png?v=20260428_layout_v4 HTTP/1.1" 200 -
::1 - - [29/Apr/2026 14:45:38] "GET /assets/images/offerings/incense.png?v=20260428_layout_v4 HTTP/1.1" 200 -
::1 - - [29/Apr/2026 14:45:38] "GET /assets/images/offerings/water.png?v=20260428_layout_v4 HTTP/1.1" 200 -
::1 - - [29/Apr/2026 14:45:38] "GET /assets/images/offerings/flower.png?v=20260428_layout_v4 HTTP/1.1" 200 -
::1 - - [29/Apr/2026 14:45:38] "GET /assets/images/offerings/fruit.png?v=20260428_layout_v4 HTTP/1.1" 200 -
::1 - - [29/Apr/2026 14:45:38] "GET /assets/images/offerings/torma.png?v=20260428_layout_v4 HTTP/1.1" 200 -
::1 - - [29/Apr/2026 14:45:38] "GET /assets/images/offerings/mandala.png?v=20260428_layout_v4 HTTP/1.1" 200 -
::1 - - [29/Apr/2026 14:45:38] "GET /assets/images/symbols/parasol.png?v=20260428_layout_v4 HTTP/1.1" 200 -
::1 - - [29/Apr/2026 14:45:39] "GET /assets/images/symbols/golden-fish.png?v=20260428_layout_v4 HTTP/1.1" 200 -
::1 - - [29/Apr/2026 14:45:39] "GET /assets/images/symbols/treasure-vase.png?v=20260428_layout_v4 HTTP/1.1" 200 -
::1 - - [29/Apr/2026 14:45:39] "GET /assets/images/symbols/lotus.png?v=20260428_layout_v4 HTTP/1.1" 200 -
::1 - - [29/Apr/2026 14:45:39] "GET /assets/images/symbols/conch.png?v=20260428_layout_v4 HTTP/1.1" 200 -
::1 - - [29/Apr/2026 14:45:39] "GET /assets/images/symbols/endless-knot.png?v=20260428_layout_v4 HTTP/1.1" 200 -
::1 - - [29/Apr/2026 14:45:39] "GET /assets/images/symbols/victory-banner.png?v=20260428_layout_v4 HTTP/1.1" 200 -
::1 - - [29/Apr/2026 14:45:39] "GET /assets/images/symbols/dharma-wheel.png?v=20260428_layout_v4 HTTP/1.1" 200 -
::1 - - [29/Apr/2026 14:45:41] "GET / HTTP/1.1" 304 -
::1 - - [29/Apr/2026 14:45:42] "GET /assets/data/gathas.json?v=20260428_layout_v4 HTTP/1.1" 200 -
::1 - - [29/Apr/2026 14:45:42] "GET /assets/audio/buddha-music/music_manifest.json HTTP/1.1" 200 -
::1 - - [29/Apr/2026 14:45:42] "GET /assets/data/shrine_offerings.json HTTP/1.1" 200 -
----------------------------------------
Exception occurred during processing of request from ('::1', 64711, 0, 0)
Traceback (most recent call last):
  File "C:\Users\biung\AppData\Local\Programs\Python\Python312\Lib\socketserver.py", line 697, in process_request_thread
    self.finish_request(request, client_address)
  File "C:\Users\biung\AppData\Local\Programs\Python\Python312\Lib\http\server.py", line 1311, in finish_request
    self.RequestHandlerClass(request, client_address, self,
  File "C:\Users\biung\AppData\Local\Programs\Python\Python312\Lib\http\server.py", line 672, in __init__
    super().__init__(*args, **kwargs)
  File "C:\Users\biung\AppData\Local\Programs\Python\Python312\Lib\socketserver.py", line 766, in __init__
    self.handle()
  File "C:\Users\biung\AppData\Local\Programs\Python\Python312\Lib\http\server.py", line 436, in handle
    self.handle_one_request()
  File "C:\Users\biung\AppData\Local\Programs\Python\Python312\Lib\http\server.py", line 424, in handle_one_request
    method()
  File "C:\Users\biung\AppData\Local\Programs\Python\Python312\Lib\http\server.py", line 679, in do_GET
    self.copyfile(f, self.wfile)
  File "C:\Users\biung\AppData\Local\Programs\Python\Python312\Lib\http\server.py", line 878, in copyfile
    shutil.copyfileobj(source, outputfile)
  File "C:\Users\biung\AppData\Local\Programs\Python\Python312\Lib\shutil.py", line 204, in copyfileobj
    fdst_write(buf)
  File "C:\Users\biung\AppData\Local\Programs\Python\Python312\Lib\socketserver.py", line 845, in write
    self._sock.sendall(b)
ConnectionResetError: [WinError 10054] 遠端主機已強制關閉一個現存的連線。
----------------------------------------
::1 - - [29/Apr/2026 14:46:02] "GET / HTTP/1.1" 304 -
::1 - - [29/Apr/2026 14:46:03] "GET /assets/data/gathas.json?v=20260428_layout_v4 HTTP/1.1" 200 -
::1 - - [29/Apr/2026 14:46:03] "GET /assets/audio/buddha-music/music_manifest.json HTTP/1.1" 200 -
::1 - - [29/Apr/2026 14:46:03] "GET /assets/data/shrine_offerings.json HTTP/1.1" 200 -
::1 - - [29/Apr/2026 14:46:04] "GET /assets/audio/buddha-music/music-01.mp3 HTTP/1.1" 200 -
----------------------------------------
Exception occurred during processing of request from ('::1', 57847, 0, 0)
Traceback (most recent call last):
  File "C:\Users\biung\AppData\Local\Programs\Python\Python312\Lib\socketserver.py", line 697, in process_request_thread
    self.finish_request(request, client_address)
  File "C:\Users\biung\AppData\Local\Programs\Python\Python312\Lib\http\server.py", line 1311, in finish_request
    self.RequestHandlerClass(request, client_address, self,
  File "C:\Users\biung\AppData\Local\Programs\Python\Python312\Lib\http\server.py", line 672, in __init__
    super().__init__(*args, **kwargs)
  File "C:\Users\biung\AppData\Local\Programs\Python\Python312\Lib\socketserver.py", line 766, in __init__
    self.handle()
  File "C:\Users\biung\AppData\Local\Programs\Python\Python312\Lib\http\server.py", line 436, in handle
    self.handle_one_request()
  File "C:\Users\biung\AppData\Local\Programs\Python\Python312\Lib\http\server.py", line 424, in handle_one_request
    method()
  File "C:\Users\biung\AppData\Local\Programs\Python\Python312\Lib\http\server.py", line 679, in do_GET
    self.copyfile(f, self.wfile)
  File "C:\Users\biung\AppData\Local\Programs\Python\Python312\Lib\http\server.py", line 878, in copyfile
    shutil.copyfileobj(source, outputfile)
  File "C:\Users\biung\AppData\Local\Programs\Python\Python312\Lib\shutil.py", line 204, in copyfileobj
    fdst_write(buf)
  File "C:\Users\biung\AppData\Local\Programs\Python\Python312\Lib\socketserver.py", line 845, in write
    self._sock.sendall(b)
ConnectionResetError: [WinError 10054] 遠端主機已強制關閉一個現存的連線。
----------------------------------------
::1 - - [29/Apr/2026 14:47:14] "GET / HTTP/1.1" 200 -
::1 - - [29/Apr/2026 14:47:15] "GET /assets/data/gathas.json?v=20260428_layout_v4 HTTP/1.1" 200 -
::1 - - [29/Apr/2026 14:47:15] "GET /assets/audio/buddha-music/music_manifest.json HTTP/1.1" 200 -
::1 - - [29/Apr/2026 14:47:15] "GET /assets/data/shrine_offerings.json HTTP/1.1" 200 -
::1 - - [29/Apr/2026 14:47:15] "GET /assets/images/deities/shakyamuni.png?v=20260428_layout_v4 HTTP/1.1" 200 -
::1 - - [29/Apr/2026 14:47:15] "GET /assets/images/deities/amitabha.png?v=20260428_layout_v4 HTTP/1.1" 200 -
::1 - - [29/Apr/2026 14:47:15] "GET /assets/images/deities/vajrasattva.png?v=20260428_layout_v4 HTTP/1.1" 200 -
::1 - - [29/Apr/2026 14:47:15] "GET /assets/images/deities/padmasambhava.png?v=20260428_layout_v4 HTTP/1.1" 200 -
::1 - - [29/Apr/2026 14:47:15] "GET /assets/images/deities/manjushri.png?v=20260428_layout_v4 HTTP/1.1" 200 -
::1 - - [29/Apr/2026 14:47:15] "GET /assets/images/deities/yaoshi-buddha.png?v=20260428_layout_v4 HTTP/1.1" 200 -
::1 - - [29/Apr/2026 14:47:15] "GET /assets/images/deities/chenrezig-four-arm.png?v=20260428_layout_v4 HTTP/1.1" 200 -
::1 - - [29/Apr/2026 14:47:15] "GET /assets/images/deities/green-tara.png?v=20260428_layout_v4 HTTP/1.1" 200 -
::1 - - [29/Apr/2026 14:47:15] "GET /assets/images/deities/yellow-jambhala.png?v=20260428_layout_v4 HTTP/1.1" 200 -
::1 - - [29/Apr/2026 14:47:15] "GET /assets/images/deities/ksitigarbha.png?v=20260428_layout_v4 HTTP/1.1" 200 -
::1 - - [29/Apr/2026 14:47:15] "GET /assets/images/offerings/lamp.png?v=20260428_layout_v4 HTTP/1.1" 200 -
::1 - - [29/Apr/2026 14:47:15] "GET /assets/images/offerings/incense.png?v=20260428_layout_v4 HTTP/1.1" 200 -
::1 - - [29/Apr/2026 14:47:15] "GET /assets/images/offerings/water.png?v=20260428_layout_v4 HTTP/1.1" 200 -
::1 - - [29/Apr/2026 14:47:15] "GET /assets/images/offerings/flower.png?v=20260428_layout_v4 HTTP/1.1" 200 -
::1 - - [29/Apr/2026 14:47:15] "GET /assets/images/offerings/fruit.png?v=20260428_layout_v4 HTTP/1.1" 200 -
::1 - - [29/Apr/2026 14:47:15] "GET /assets/images/offerings/torma.png?v=20260428_layout_v4 HTTP/1.1" 200 -
::1 - - [29/Apr/2026 14:47:15] "GET /assets/images/offerings/mandala.png?v=20260428_layout_v4 HTTP/1.1" 200 -
::1 - - [29/Apr/2026 14:47:15] "GET /assets/images/symbols/parasol.png?v=20260428_layout_v4 HTTP/1.1" 200 -
::1 - - [29/Apr/2026 14:47:15] "GET /assets/images/symbols/golden-fish.png?v=20260428_layout_v4 HTTP/1.1" 200 -
::1 - - [29/Apr/2026 14:47:15] "GET /assets/images/symbols/treasure-vase.png?v=20260428_layout_v4 HTTP/1.1" 200 -
::1 - - [29/Apr/2026 14:47:15] "GET /assets/images/symbols/lotus.png?v=20260428_layout_v4 HTTP/1.1" 200 -
::1 - - [29/Apr/2026 14:47:15] "GET /assets/images/symbols/conch.png?v=20260428_layout_v4 HTTP/1.1" 200 -
::1 - - [29/Apr/2026 14:47:15] "GET /assets/images/symbols/endless-knot.png?v=20260428_layout_v4 HTTP/1.1" 200 -
::1 - - [29/Apr/2026 14:47:15] "GET /assets/images/symbols/victory-banner.png?v=20260428_layout_v4 HTTP/1.1" 200 -
::1 - - [29/Apr/2026 14:47:15] "GET /assets/images/symbols/dharma-wheel.png?v=20260428_layout_v4 HTTP/1.1" 200 -
::1 - - [29/Apr/2026 14:47:26] "GET / HTTP/1.1" 304 -
::1 - - [29/Apr/2026 14:47:28] "GET /assets/data/gathas.json?v=20260428_layout_v4 HTTP/1.1" 200 -
::1 - - [29/Apr/2026 14:47:28] "GET /assets/audio/buddha-music/music_manifest.json HTTP/1.1" 200 -
::1 - - [29/Apr/2026 14:47:28] "GET /assets/data/shrine_offerings.json HTTP/1.1" 200 -
::1 - - [29/Apr/2026 14:47:38] "GET /assets/audio/buddha-music/music-01.mp3 HTTP/1.1" 200 -
----------------------------------------
Exception occurred during processing of request from ('::1', 58324, 0, 0)
Traceback (most recent call last):
  File "C:\Users\biung\AppData\Local\Programs\Python\Python312\Lib\socketserver.py", line 697, in process_request_thread
    self.finish_request(request, client_address)
  File "C:\Users\biung\AppData\Local\Programs\Python\Python312\Lib\http\server.py", line 1311, in finish_request
    self.RequestHandlerClass(request, client_address, self,
  File "C:\Users\biung\AppData\Local\Programs\Python\Python312\Lib\http\server.py", line 672, in __init__
    super().__init__(*args, **kwargs)
  File "C:\Users\biung\AppData\Local\Programs\Python\Python312\Lib\socketserver.py", line 766, in __init__
    self.handle()
  File "C:\Users\biung\AppData\Local\Programs\Python\Python312\Lib\http\server.py", line 436, in handle
    self.handle_one_request()
  File "C:\Users\biung\AppData\Local\Programs\Python\Python312\Lib\http\server.py", line 424, in handle_one_request
    method()
  File "C:\Users\biung\AppData\Local\Programs\Python\Python312\Lib\http\server.py", line 679, in do_GET
    self.copyfile(f, self.wfile)
  File "C:\Users\biung\AppData\Local\Programs\Python\Python312\Lib\http\server.py", line 878, in copyfile
    shutil.copyfileobj(source, outputfile)
  File "C:\Users\biung\AppData\Local\Programs\Python\Python312\Lib\shutil.py", line 204, in copyfileobj
    fdst_write(buf)
  File "C:\Users\biung\AppData\Local\Programs\Python\Python312\Lib\socketserver.py", line 845, in write
    self._sock.sendall(b)
ConnectionResetError: [WinError 10054] 遠端主機已強制關閉一個現存的連線。
----------------------------------------
::1 - - [29/Apr/2026 14:48:24] "GET / HTTP/1.1" 200 -
::1 - - [29/Apr/2026 14:48:25] "GET /assets/data/gathas.json?v=20260428_layout_v4 HTTP/1.1" 200 -
::1 - - [29/Apr/2026 14:48:25] "GET /assets/audio/buddha-music/music_manifest.json HTTP/1.1" 200 -
::1 - - [29/Apr/2026 14:48:25] "GET /assets/data/shrine_offerings.json HTTP/1.1" 200 -
::1 - - [29/Apr/2026 14:48:25] "GET /assets/images/deities/shakyamuni.png?v=20260428_layout_v4 HTTP/1.1" 200 -
::1 - - [29/Apr/2026 14:48:25] "GET /assets/images/deities/amitabha.png?v=20260428_layout_v4 HTTP/1.1" 200 -
::1 - - [29/Apr/2026 14:48:25] "GET /assets/images/deities/yaoshi-buddha.png?v=20260428_layout_v4 HTTP/1.1" 200 -
::1 - - [29/Apr/2026 14:48:25] "GET /assets/images/deities/padmasambhava.png?v=20260428_layout_v4 HTTP/1.1" 200 -
::1 - - [29/Apr/2026 14:48:25] "GET /assets/images/deities/vajrasattva.png?v=20260428_layout_v4 HTTP/1.1" 200 -
::1 - - [29/Apr/2026 14:48:25] "GET /assets/images/deities/manjushri.png?v=20260428_layout_v4 HTTP/1.1" 200 -
::1 - - [29/Apr/2026 14:48:25] "GET /assets/images/deities/chenrezig-four-arm.png?v=20260428_layout_v4 HTTP/1.1" 200 -
::1 - - [29/Apr/2026 14:48:25] "GET /assets/images/deities/green-tara.png?v=20260428_layout_v4 HTTP/1.1" 200 -
::1 - - [29/Apr/2026 14:48:25] "GET /assets/images/deities/ksitigarbha.png?v=20260428_layout_v4 HTTP/1.1" 200 -
::1 - - [29/Apr/2026 14:48:26] "GET /assets/images/deities/yellow-jambhala.png?v=20260428_layout_v4 HTTP/1.1" 200 -
::1 - - [29/Apr/2026 14:48:26] "GET /assets/images/offerings/lamp.png?v=20260428_layout_v4 HTTP/1.1" 200 -
::1 - - [29/Apr/2026 14:48:26] "GET /assets/images/offerings/incense.png?v=20260428_layout_v4 HTTP/1.1" 200 -
::1 - - [29/Apr/2026 14:48:26] "GET /assets/images/offerings/water.png?v=20260428_layout_v4 HTTP/1.1" 200 -
::1 - - [29/Apr/2026 14:48:26] "GET /assets/images/offerings/flower.png?v=20260428_layout_v4 HTTP/1.1" 200 -
::1 - - [29/Apr/2026 14:48:26] "GET /assets/images/offerings/fruit.png?v=20260428_layout_v4 HTTP/1.1" 200 -
::1 - - [29/Apr/2026 14:48:26] "GET /assets/images/offerings/torma.png?v=20260428_layout_v4 HTTP/1.1" 200 -
::1 - - [29/Apr/2026 14:48:26] "GET /assets/images/offerings/mandala.png?v=20260428_layout_v4 HTTP/1.1" 200 -
::1 - - [29/Apr/2026 14:48:26] "GET /assets/images/symbols/parasol.png?v=20260428_layout_v4 HTTP/1.1" 200 -
::1 - - [29/Apr/2026 14:48:26] "GET /assets/images/symbols/golden-fish.png?v=20260428_layout_v4 HTTP/1.1" 200 -
::1 - - [29/Apr/2026 14:48:26] "GET /assets/images/symbols/treasure-vase.png?v=20260428_layout_v4 HTTP/1.1" 200 -
::1 - - [29/Apr/2026 14:48:26] "GET /assets/images/symbols/lotus.png?v=20260428_layout_v4 HTTP/1.1" 200 -
::1 - - [29/Apr/2026 14:48:26] "GET /assets/images/symbols/conch.png?v=20260428_layout_v4 HTTP/1.1" 200 -
::1 - - [29/Apr/2026 14:48:26] "GET /assets/images/symbols/endless-knot.png?v=20260428_layout_v4 HTTP/1.1" 200 -
::1 - - [29/Apr/2026 14:48:26] "GET /assets/images/symbols/dharma-wheel.png?v=20260428_layout_v4 HTTP/1.1" 200 -
::1 - - [29/Apr/2026 14:48:26] "GET /assets/images/symbols/victory-banner.png?v=20260428_layout_v4 HTTP/1.1" 200 -
::1 - - [29/Apr/2026 14:48:29] "GET / HTTP/1.1" 304 -
::1 - - [29/Apr/2026 14:48:29] "GET /assets/data/gathas.json?v=20260428_layout_v4 HTTP/1.1" 200 -
::1 - - [29/Apr/2026 14:48:29] "GET /assets/audio/buddha-music/music_manifest.json HTTP/1.1" 200 -
::1 - - [29/Apr/2026 14:48:29] "GET /assets/data/shrine_offerings.json HTTP/1.1" 200 -
::1 - - [29/Apr/2026 14:49:58] "GET / HTTP/1.1" 200 -
::1 - - [29/Apr/2026 14:49:59] "GET /assets/data/gathas.json?v=20260428_layout_v4 HTTP/1.1" 200 -
::1 - - [29/Apr/2026 14:49:59] "GET /assets/audio/buddha-music/music_manifest.json HTTP/1.1" 200 -
::1 - - [29/Apr/2026 14:49:59] "GET /assets/data/shrine_offerings.json HTTP/1.1" 200 -
::1 - - [29/Apr/2026 14:49:59] "GET /assets/images/deities/shakyamuni.png?v=20260428_layout_v4 HTTP/1.1" 200 -
::1 - - [29/Apr/2026 14:49:59] "GET /assets/images/deities/amitabha.png?v=20260428_layout_v4 HTTP/1.1" 200 -
::1 - - [29/Apr/2026 14:49:59] "GET /assets/images/deities/yaoshi-buddha.png?v=20260428_layout_v4 HTTP/1.1" 200 -
::1 - - [29/Apr/2026 14:49:59] "GET /assets/images/deities/padmasambhava.png?v=20260428_layout_v4 HTTP/1.1" 200 -
::1 - - [29/Apr/2026 14:49:59] "GET /assets/images/deities/vajrasattva.png?v=20260428_layout_v4 HTTP/1.1" 200 -
::1 - - [29/Apr/2026 14:49:59] "GET /assets/images/deities/manjushri.png?v=20260428_layout_v4 HTTP/1.1" 200 -
::1 - - [29/Apr/2026 14:49:59] "GET /assets/images/deities/chenrezig-four-arm.png?v=20260428_layout_v4 HTTP/1.1" 200 -
::1 - - [29/Apr/2026 14:49:59] "GET /assets/images/deities/green-tara.png?v=20260428_layout_v4 HTTP/1.1" 200 -
::1 - - [29/Apr/2026 14:49:59] "GET /assets/images/deities/ksitigarbha.png?v=20260428_layout_v4 HTTP/1.1" 200 -
::1 - - [29/Apr/2026 14:49:59] "GET /assets/images/deities/yellow-jambhala.png?v=20260428_layout_v4 HTTP/1.1" 200 -
::1 - - [29/Apr/2026 14:49:59] "GET /assets/images/offerings/lamp.png?v=20260428_layout_v4 HTTP/1.1" 200 -
::1 - - [29/Apr/2026 14:49:59] "GET /assets/images/offerings/incense.png?v=20260428_layout_v4 HTTP/1.1" 200 -
::1 - - [29/Apr/2026 14:49:59] "GET /assets/images/offerings/water.png?v=20260428_layout_v4 HTTP/1.1" 200 -
::1 - - [29/Apr/2026 14:49:59] "GET /assets/images/offerings/flower.png?v=20260428_layout_v4 HTTP/1.1" 200 -
::1 - - [29/Apr/2026 14:49:59] "GET /assets/images/offerings/fruit.png?v=20260428_layout_v4 HTTP/1.1" 200 -
::1 - - [29/Apr/2026 14:49:59] "GET /assets/images/offerings/torma.png?v=20260428_layout_v4 HTTP/1.1" 200 -
::1 - - [29/Apr/2026 14:49:59] "GET /assets/images/offerings/mandala.png?v=20260428_layout_v4 HTTP/1.1" 200 -
::1 - - [29/Apr/2026 14:49:59] "GET /assets/images/symbols/parasol.png?v=20260428_layout_v4 HTTP/1.1" 200 -
::1 - - [29/Apr/2026 14:49:59] "GET /assets/images/symbols/golden-fish.png?v=20260428_layout_v4 HTTP/1.1" 200 -
::1 - - [29/Apr/2026 14:49:59] "GET /assets/images/symbols/treasure-vase.png?v=20260428_layout_v4 HTTP/1.1" 200 -
::1 - - [29/Apr/2026 14:49:59] "GET /assets/images/symbols/lotus.png?v=20260428_layout_v4 HTTP/1.1" 200 -
::1 - - [29/Apr/2026 14:49:59] "GET /assets/images/symbols/conch.png?v=20260428_layout_v4 HTTP/1.1" 200 -
::1 - - [29/Apr/2026 14:49:59] "GET /assets/images/symbols/endless-knot.png?v=20260428_layout_v4 HTTP/1.1" 200 -
::1 - - [29/Apr/2026 14:49:59] "GET /assets/images/symbols/victory-banner.png?v=20260428_layout_v4 HTTP/1.1" 200 -
::1 - - [29/Apr/2026 14:49:59] "GET /assets/images/symbols/dharma-wheel.png?v=20260428_layout_v4 HTTP/1.1" 200 -
::1 - - [29/Apr/2026 14:50:10] "GET / HTTP/1.1" 304 -
::1 - - [29/Apr/2026 14:50:10] "GET /assets/audio/buddha-music/music-01.mp3 HTTP/1.1" 200 -
----------------------------------------
Exception occurred during processing of request from ('::1', 55393, 0, 0)
Traceback (most recent call last):
  File "C:\Users\biung\AppData\Local\Programs\Python\Python312\Lib\socketserver.py", line 697, in process_request_thread
    self.finish_request(request, client_address)
  File "C:\Users\biung\AppData\Local\Programs\Python\Python312\Lib\http\server.py", line 1311, in finish_request
    self.RequestHandlerClass(request, client_address, self,
  File "C:\Users\biung\AppData\Local\Programs\Python\Python312\Lib\http\server.py", line 672, in __init__
    super().__init__(*args, **kwargs)
  File "C:\Users\biung\AppData\Local\Programs\Python\Python312\Lib\socketserver.py", line 766, in __init__
    self.handle()
  File "C:\Users\biung\AppData\Local\Programs\Python\Python312\Lib\http\server.py", line 436, in handle
    self.handle_one_request()
  File "C:\Users\biung\AppData\Local\Programs\Python\Python312\Lib\http\server.py", line 424, in handle_one_request
    method()
  File "C:\Users\biung\AppData\Local\Programs\Python\Python312\Lib\http\server.py", line 679, in do_GET
    self.copyfile(f, self.wfile)
  File "C:\Users\biung\AppData\Local\Programs\Python\Python312\Lib\http\server.py", line 878, in copyfile
    shutil.copyfileobj(source, outputfile)
  File "C:\Users\biung\AppData\Local\Programs\Python\Python312\Lib\shutil.py", line 204, in copyfileobj
    fdst_write(buf)
  File "C:\Users\biung\AppData\Local\Programs\Python\Python312\Lib\socketserver.py", line 845, in write
    self._sock.sendall(b)
ConnectionAbortedError: [WinError 10053] 連線已被您主機上的軟體中止。
----------------------------------------
::1 - - [29/Apr/2026 14:50:11] "GET /assets/data/gathas.json?v=20260428_layout_v4 HTTP/1.1" 200 -
::1 - - [29/Apr/2026 14:50:11] "GET /assets/audio/buddha-music/music_manifest.json HTTP/1.1" 200 -
::1 - - [29/Apr/2026 14:50:11] "GET /assets/data/shrine_offerings.json HTTP/1.1" 200 -
::1 - - [29/Apr/2026 14:50:21] "GET /assets/audio/buddha-music/music-01.mp3 HTTP/1.1" 200 -
::1 - - [29/Apr/2026 14:50:44] "GET / HTTP/1.1" 200 -
::1 - - [29/Apr/2026 14:50:44] "GET /assets/data/gathas.json?v=20260428_layout_v4 HTTP/1.1" 200 -
::1 - - [29/Apr/2026 14:50:44] "GET /assets/audio/buddha-music/music_manifest.json HTTP/1.1" 200 -
::1 - - [29/Apr/2026 14:50:45] "GET /assets/data/shrine_offerings.json HTTP/1.1" 200 -
----------------------------------------
Exception occurred during processing of request from ('::1', 60833, 0, 0)
Traceback (most recent call last):
  File "C:\Users\biung\AppData\Local\Programs\Python\Python312\Lib\socketserver.py", line 697, in process_request_thread
    self.finish_request(request, client_address)
  File "C:\Users\biung\AppData\Local\Programs\Python\Python312\Lib\http\server.py", line 1311, in finish_request
    self.RequestHandlerClass(request, client_address, self,
  File "C:\Users\biung\AppData\Local\Programs\Python\Python312\Lib\http\server.py", line 672, in __init__
    super().__init__(*args, **kwargs)
  File "C:\Users\biung\AppData\Local\Programs\Python\Python312\Lib\socketserver.py", line 766, in __init__
    self.handle()
  File "C:\Users\biung\AppData\Local\Programs\Python\Python312\Lib\http\server.py", line 436, in handle
    self.handle_one_request()
  File "C:\Users\biung\AppData\Local\Programs\Python\Python312\Lib\http\server.py", line 424, in handle_one_request
    method()
  File "C:\Users\biung\AppData\Local\Programs\Python\Python312\Lib\http\server.py", line 679, in do_GET
    self.copyfile(f, self.wfile)
  File "C:\Users\biung\AppData\Local\Programs\Python\Python312\Lib\http\server.py", line 878, in copyfile
    shutil.copyfileobj(source, outputfile)
  File "C:\Users\biung\AppData\Local\Programs\Python\Python312\Lib\shutil.py", line 204, in copyfileobj
    fdst_write(buf)
  File "C:\Users\biung\AppData\Local\Programs\Python\Python312\Lib\socketserver.py", line 845, in write
    self._sock.sendall(b)
ConnectionResetError: [WinError 10054] 遠端主機已強制關閉一個現存的連線。
----------------------------------------
::1 - - [29/Apr/2026 14:50:46] "GET /assets/audio/buddha-music/music-01.mp3 HTTP/1.1" 200 -
----------------------------------------
Exception occurred during processing of request from ('::1', 58885, 0, 0)
Traceback (most recent call last):
  File "C:\Users\biung\AppData\Local\Programs\Python\Python312\Lib\socketserver.py", line 697, in process_request_thread
    self.finish_request(request, client_address)
  File "C:\Users\biung\AppData\Local\Programs\Python\Python312\Lib\http\server.py", line 1311, in finish_request
    self.RequestHandlerClass(request, client_address, self,
  File "C:\Users\biung\AppData\Local\Programs\Python\Python312\Lib\http\server.py", line 672, in __init__
    super().__init__(*args, **kwargs)
  File "C:\Users\biung\AppData\Local\Programs\Python\Python312\Lib\socketserver.py", line 766, in __init__
    self.handle()
  File "C:\Users\biung\AppData\Local\Programs\Python\Python312\Lib\http\server.py", line 436, in handle
    self.handle_one_request()
  File "C:\Users\biung\AppData\Local\Programs\Python\Python312\Lib\http\server.py", line 424, in handle_one_request
    method()
  File "C:\Users\biung\AppData\Local\Programs\Python\Python312\Lib\http\server.py", line 679, in do_GET
    self.copyfile(f, self.wfile)
  File "C:\Users\biung\AppData\Local\Programs\Python\Python312\Lib\http\server.py", line 878, in copyfile
    shutil.copyfileobj(source, outputfile)
  File "C:\Users\biung\AppData\Local\Programs\Python\Python312\Lib\shutil.py", line 204, in copyfileobj
    fdst_write(buf)
  File "C:\Users\biung\AppData\Local\Programs\Python\Python312\Lib\socketserver.py", line 845, in write
    self._sock.sendall(b)
ConnectionResetError: [WinError 10054] 遠端主機已強制關閉一個現存的連線。
----------------------------------------
::1 - - [29/Apr/2026 14:51:05] "GET / HTTP/1.1" 200 -
::1 - - [29/Apr/2026 14:51:06] "GET /assets/data/gathas.json?v=20260428_layout_v4 HTTP/1.1" 200 -
::1 - - [29/Apr/2026 14:51:06] "GET /assets/audio/buddha-music/music_manifest.json HTTP/1.1" 200 -
::1 - - [29/Apr/2026 14:51:06] "GET /assets/data/shrine_offerings.json HTTP/1.1" 200 -
::1 - - [29/Apr/2026 14:51:06] "GET /assets/images/deities/shakyamuni.png?v=20260428_layout_v4 HTTP/1.1" 200 -
::1 - - [29/Apr/2026 14:51:06] "GET /assets/images/deities/amitabha.png?v=20260428_layout_v4 HTTP/1.1" 200 -
::1 - - [29/Apr/2026 14:51:06] "GET /assets/images/deities/yaoshi-buddha.png?v=20260428_layout_v4 HTTP/1.1" 200 -
::1 - - [29/Apr/2026 14:51:06] "GET /assets/images/deities/padmasambhava.png?v=20260428_layout_v4 HTTP/1.1" 200 -
::1 - - [29/Apr/2026 14:51:06] "GET /assets/images/deities/vajrasattva.png?v=20260428_layout_v4 HTTP/1.1" 200 -
::1 - - [29/Apr/2026 14:51:06] "GET /assets/images/deities/manjushri.png?v=20260428_layout_v4 HTTP/1.1" 200 -
::1 - - [29/Apr/2026 14:51:06] "GET /assets/images/deities/chenrezig-four-arm.png?v=20260428_layout_v4 HTTP/1.1" 200 -
::1 - - [29/Apr/2026 14:51:06] "GET / HTTP/1.1" 304 -
::1 - - [29/Apr/2026 14:51:06] "GET /assets/images/deities/ksitigarbha.png?v=20260428_layout_v4 HTTP/1.1" 200 -
::1 - - [29/Apr/2026 14:51:06] "GET /assets/images/deities/green-tara.png?v=20260428_layout_v4 HTTP/1.1" 200 -
::1 - - [29/Apr/2026 14:51:06] "GET /assets/images/deities/yellow-jambhala.png?v=20260428_layout_v4 HTTP/1.1" 200 -
::1 - - [29/Apr/2026 14:51:06] "GET /assets/images/offerings/lamp.png?v=20260428_layout_v4 HTTP/1.1" 200 -
::1 - - [29/Apr/2026 14:51:06] "GET /assets/images/offerings/incense.png?v=20260428_layout_v4 HTTP/1.1" 200 -
::1 - - [29/Apr/2026 14:51:06] "GET /assets/images/offerings/water.png?v=20260428_layout_v4 HTTP/1.1" 200 -
::1 - - [29/Apr/2026 14:51:06] "GET /assets/images/offerings/flower.png?v=20260428_layout_v4 HTTP/1.1" 200 -
::1 - - [29/Apr/2026 14:51:06] "GET /assets/images/offerings/fruit.png?v=20260428_layout_v4 HTTP/1.1" 200 -
::1 - - [29/Apr/2026 14:51:06] "GET /assets/images/offerings/torma.png?v=20260428_layout_v4 HTTP/1.1" 200 -
::1 - - [29/Apr/2026 14:51:06] "GET /assets/images/offerings/mandala.png?v=20260428_layout_v4 HTTP/1.1" 200 -
::1 - - [29/Apr/2026 14:51:06] "GET /assets/images/symbols/parasol.png?v=20260428_layout_v4 HTTP/1.1" 200 -
::1 - - [29/Apr/2026 14:51:06] "GET /assets/images/symbols/golden-fish.png?v=20260428_layout_v4 HTTP/1.1" 200 -
::1 - - [29/Apr/2026 14:51:06] "GET /assets/images/symbols/treasure-vase.png?v=20260428_layout_v4 HTTP/1.1" 200 -
::1 - - [29/Apr/2026 14:51:06] "GET /assets/images/symbols/lotus.png?v=20260428_layout_v4 HTTP/1.1" 200 -
::1 - - [29/Apr/2026 14:51:06] "GET /assets/images/symbols/conch.png?v=20260428_layout_v4 HTTP/1.1" 200 -
::1 - - [29/Apr/2026 14:51:06] "GET /assets/images/symbols/endless-knot.png?v=20260428_layout_v4 HTTP/1.1" 200 -
::1 - - [29/Apr/2026 14:51:06] "GET /assets/images/symbols/victory-banner.png?v=20260428_layout_v4 HTTP/1.1" 200 -
::1 - - [29/Apr/2026 14:51:06] "GET /assets/images/symbols/dharma-wheel.png?v=20260428_layout_v4 HTTP/1.1" 200 -
::1 - - [29/Apr/2026 14:51:06] "GET /assets/data/gathas.json?v=20260428_layout_v4 HTTP/1.1" 200 -
::1 - - [29/Apr/2026 14:51:06] "GET /assets/audio/buddha-music/music_manifest.json HTTP/1.1" 200 -
::1 - - [29/Apr/2026 14:51:07] "GET /assets/data/shrine_offerings.json HTTP/1.1" 200 -
::1 - - [29/Apr/2026 14:51:08] "GET /assets/audio/buddha-music/music-01.mp3 HTTP/1.1" 200 -
::1 - - [29/Apr/2026 14:51:09] "GET / HTTP/1.1" 304 -
::1 - - [29/Apr/2026 14:51:09] "GET /assets/data/gathas.json?v=20260428_layout_v4 HTTP/1.1" 200 -
::1 - - [29/Apr/2026 14:51:09] "GET /assets/audio/buddha-music/music_manifest.json HTTP/1.1" 200 -
::1 - - [29/Apr/2026 14:51:10] "GET /assets/data/shrine_offerings.json HTTP/1.1" 200 -
----------------------------------------
Exception occurred during processing of request from ('::1', 59611, 0, 0)
Traceback (most recent call last):
  File "C:\Users\biung\AppData\Local\Programs\Python\Python312\Lib\socketserver.py", line 697, in process_request_thread
    self.finish_request(request, client_address)
  File "C:\Users\biung\AppData\Local\Programs\Python\Python312\Lib\http\server.py", line 1311, in finish_request
    self.RequestHandlerClass(request, client_address, self,
  File "C:\Users\biung\AppData\Local\Programs\Python\Python312\Lib\http\server.py", line 672, in __init__
    super().__init__(*args, **kwargs)
  File "C:\Users\biung\AppData\Local\Programs\Python\Python312\Lib\socketserver.py", line 766, in __init__
    self.handle()
  File "C:\Users\biung\AppData\Local\Programs\Python\Python312\Lib\http\server.py", line 436, in handle
    self.handle_one_request()
  File "C:\Users\biung\AppData\Local\Programs\Python\Python312\Lib\http\server.py", line 424, in handle_one_request
    method()
  File "C:\Users\biung\AppData\Local\Programs\Python\Python312\Lib\http\server.py", line 679, in do_GET
    self.copyfile(f, self.wfile)
  File "C:\Users\biung\AppData\Local\Programs\Python\Python312\Lib\http\server.py", line 878, in copyfile
    shutil.copyfileobj(source, outputfile)
  File "C:\Users\biung\AppData\Local\Programs\Python\Python312\Lib\shutil.py", line 204, in copyfileobj
    fdst_write(buf)
  File "C:\Users\biung\AppData\Local\Programs\Python\Python312\Lib\socketserver.py", line 845, in write
    self._sock.sendall(b)
ConnectionResetError: [WinError 10054] 遠端主機已強制關閉一個現存的連線。
----------------------------------------
::1 - - [29/Apr/2026 14:51:38] "GET / HTTP/1.1" 304 -
::1 - - [29/Apr/2026 14:51:38] "GET /assets/data/gathas.json?v=20260428_layout_v4 HTTP/1.1" 200 -
::1 - - [29/Apr/2026 14:51:38] "GET /assets/audio/buddha-music/music_manifest.json HTTP/1.1" 200 -
::1 - - [29/Apr/2026 14:51:38] "GET /assets/data/shrine_offerings.json HTTP/1.1" 200 -
::1 - - [29/Apr/2026 14:51:39] "GET /assets/audio/buddha-music/music-01.mp3 HTTP/1.1" 200 -
----------------------------------------
Exception occurred during processing of request from ('::1', 57023, 0, 0)
Traceback (most recent call last):
  File "C:\Users\biung\AppData\Local\Programs\Python\Python312\Lib\socketserver.py", line 697, in process_request_thread
    self.finish_request(request, client_address)
  File "C:\Users\biung\AppData\Local\Programs\Python\Python312\Lib\http\server.py", line 1311, in finish_request
    self.RequestHandlerClass(request, client_address, self,
  File "C:\Users\biung\AppData\Local\Programs\Python\Python312\Lib\http\server.py", line 672, in __init__
    super().__init__(*args, **kwargs)
  File "C:\Users\biung\AppData\Local\Programs\Python\Python312\Lib\socketserver.py", line 766, in __init__
    self.handle()
  File "C:\Users\biung\AppData\Local\Programs\Python\Python312\Lib\http\server.py", line 436, in handle
    self.handle_one_request()
  File "C:\Users\biung\AppData\Local\Programs\Python\Python312\Lib\http\server.py", line 424, in handle_one_request
    method()
  File "C:\Users\biung\AppData\Local\Programs\Python\Python312\Lib\http\server.py", line 679, in do_GET
    self.copyfile(f, self.wfile)
  File "C:\Users\biung\AppData\Local\Programs\Python\Python312\Lib\http\server.py", line 878, in copyfile
    shutil.copyfileobj(source, outputfile)
  File "C:\Users\biung\AppData\Local\Programs\Python\Python312\Lib\shutil.py", line 204, in copyfileobj
    fdst_write(buf)
  File "C:\Users\biung\AppData\Local\Programs\Python\Python312\Lib\socketserver.py", line 845, in write
    self._sock.sendall(b)
ConnectionResetError: [WinError 10054] 遠端主機已強制關閉一個現存的連線。
----------------------------------------
::1 - - [29/Apr/2026 14:52:42] "GET /admin.html HTTP/1.1" 200 -
::1 - - [29/Apr/2026 14:52:42] "GET /assets/data/shrine_offerings.json HTTP/1.1" 200 -
::1 - - [29/Apr/2026 14:52:42] "GET /assets/data/gathas.json HTTP/1.1" 200 -
::1 - - [29/Apr/2026 14:54:23] "GET / HTTP/1.1" 304 -
::1 - - [29/Apr/2026 14:54:23] "GET /assets/data/gathas.json?v=20260428_layout_v4 HTTP/1.1" 200 -
::1 - - [29/Apr/2026 14:54:23] "GET /assets/audio/buddha-music/music_manifest.json HTTP/1.1" 200 -
::1 - - [29/Apr/2026 14:54:23] "GET /assets/data/shrine_offerings.json HTTP/1.1" 200 -
::1 - - [29/Apr/2026 14:54:24] "GET /assets/audio/buddha-music/music-01.mp3 HTTP/1.1" 200 -
----------------------------------------
Exception occurred during processing of request from ('::1', 64429, 0, 0)
Traceback (most recent call last):
  File "C:\Users\biung\AppData\Local\Programs\Python\Python312\Lib\socketserver.py", line 697, in process_request_thread
    self.finish_request(request, client_address)
  File "C:\Users\biung\AppData\Local\Programs\Python\Python312\Lib\http\server.py", line 1311, in finish_request
    self.RequestHandlerClass(request, client_address, self,
  File "C:\Users\biung\AppData\Local\Programs\Python\Python312\Lib\http\server.py", line 672, in __init__
    super().__init__(*args, **kwargs)
  File "C:\Users\biung\AppData\Local\Programs\Python\Python312\Lib\socketserver.py", line 766, in __init__
    self.handle()
  File "C:\Users\biung\AppData\Local\Programs\Python\Python312\Lib\http\server.py", line 436, in handle
    self.handle_one_request()
  File "C:\Users\biung\AppData\Local\Programs\Python\Python312\Lib\http\server.py", line 424, in handle_one_request
    method()
  File "C:\Users\biung\AppData\Local\Programs\Python\Python312\Lib\http\server.py", line 679, in do_GET
    self.copyfile(f, self.wfile)
  File "C:\Users\biung\AppData\Local\Programs\Python\Python312\Lib\http\server.py", line 878, in copyfile
    shutil.copyfileobj(source, outputfile)
  File "C:\Users\biung\AppData\Local\Programs\Python\Python312\Lib\shutil.py", line 204, in copyfileobj
    fdst_write(buf)
  File "C:\Users\biung\AppData\Local\Programs\Python\Python312\Lib\socketserver.py", line 845, in write
    self._sock.sendall(b)
ConnectionResetError: [WinError 10054] 遠端主機已強制關閉一個現存的連線。
----------------------------------------
::1 - - [29/Apr/2026 14:54:40] "GET / HTTP/1.1" 304 -
::1 - - [29/Apr/2026 14:54:41] "GET /assets/data/gathas.json?v=20260428_layout_v4 HTTP/1.1" 200 -
::1 - - [29/Apr/2026 14:54:41] "GET /assets/audio/buddha-music/music_manifest.json HTTP/1.1" 200 -
::1 - - [29/Apr/2026 14:54:41] "GET /assets/data/shrine_offerings.json HTTP/1.1" 200 -
::1 - - [29/Apr/2026 14:54:42] "GET /assets/audio/buddha-music/music-01.mp3 HTTP/1.1" 200 -
----------------------------------------
Exception occurred during processing of request from ('::1', 64562, 0, 0)
Traceback (most recent call last):
  File "C:\Users\biung\AppData\Local\Programs\Python\Python312\Lib\socketserver.py", line 697, in process_request_thread
    self.finish_request(request, client_address)
  File "C:\Users\biung\AppData\Local\Programs\Python\Python312\Lib\http\server.py", line 1311, in finish_request
    self.RequestHandlerClass(request, client_address, self,
  File "C:\Users\biung\AppData\Local\Programs\Python\Python312\Lib\http\server.py", line 672, in __init__
    super().__init__(*args, **kwargs)
  File "C:\Users\biung\AppData\Local\Programs\Python\Python312\Lib\socketserver.py", line 766, in __init__
    self.handle()
  File "C:\Users\biung\AppData\Local\Programs\Python\Python312\Lib\http\server.py", line 436, in handle
    self.handle_one_request()
  File "C:\Users\biung\AppData\Local\Programs\Python\Python312\Lib\http\server.py", line 424, in handle_one_request
    method()
  File "C:\Users\biung\AppData\Local\Programs\Python\Python312\Lib\http\server.py", line 679, in do_GET
    self.copyfile(f, self.wfile)
  File "C:\Users\biung\AppData\Local\Programs\Python\Python312\Lib\http\server.py", line 878, in copyfile
    shutil.copyfileobj(source, outputfile)
  File "C:\Users\biung\AppData\Local\Programs\Python\Python312\Lib\shutil.py", line 204, in copyfileobj
    fdst_write(buf)
  File "C:\Users\biung\AppData\Local\Programs\Python\Python312\Lib\socketserver.py", line 845, in write
    self._sock.sendall(b)
ConnectionResetError: [WinError 10054] 遠端主機已強制關閉一個現存的連線。
----------------------------------------
::1 - - [29/Apr/2026 14:57:32] "GET / HTTP/1.1" 304 -
::1 - - [29/Apr/2026 14:57:33] "GET /assets/data/gathas.json?v=20260428_layout_v4 HTTP/1.1" 200 -
::1 - - [29/Apr/2026 14:57:33] "GET /assets/audio/buddha-music/music_manifest.json HTTP/1.1" 200 -
::1 - - [29/Apr/2026 14:57:33] "GET /assets/data/shrine_offerings.json HTTP/1.1" 200 -
::1 - - [29/Apr/2026 14:57:34] "GET /assets/audio/buddha-music/music-01.mp3 HTTP/1.1" 200 -
----------------------------------------
Exception occurred during processing of request from ('::1', 55066, 0, 0)
Traceback (most recent call last):
  File "C:\Users\biung\AppData\Local\Programs\Python\Python312\Lib\socketserver.py", line 697, in process_request_thread
    self.finish_request(request, client_address)
  File "C:\Users\biung\AppData\Local\Programs\Python\Python312\Lib\http\server.py", line 1311, in finish_request
    self.RequestHandlerClass(request, client_address, self,
  File "C:\Users\biung\AppData\Local\Programs\Python\Python312\Lib\http\server.py", line 672, in __init__
    super().__init__(*args, **kwargs)
  File "C:\Users\biung\AppData\Local\Programs\Python\Python312\Lib\socketserver.py", line 766, in __init__
    self.handle()
  File "C:\Users\biung\AppData\Local\Programs\Python\Python312\Lib\http\server.py", line 436, in handle
    self.handle_one_request()
  File "C:\Users\biung\AppData\Local\Programs\Python\Python312\Lib\http\server.py", line 424, in handle_one_request
    method()
  File "C:\Users\biung\AppData\Local\Programs\Python\Python312\Lib\http\server.py", line 679, in do_GET
    self.copyfile(f, self.wfile)
  File "C:\Users\biung\AppData\Local\Programs\Python\Python312\Lib\http\server.py", line 878, in copyfile
    shutil.copyfileobj(source, outputfile)
  File "C:\Users\biung\AppData\Local\Programs\Python\Python312\Lib\shutil.py", line 204, in copyfileobj
    fdst_write(buf)
  File "C:\Users\biung\AppData\Local\Programs\Python\Python312\Lib\socketserver.py", line 845, in write
    self._sock.sendall(b)
ConnectionResetError: [WinError 10054] 遠端主機已強制關閉一個現存的連線。
----------------------------------------
::1 - - [29/Apr/2026 14:58:25] "GET / HTTP/1.1" 200 -
::1 - - [29/Apr/2026 14:58:25] "GET /assets/data/gathas.json?v=20260428_layout_v4 HTTP/1.1" 200 -
::1 - - [29/Apr/2026 14:58:25] "GET /assets/audio/buddha-music/music_manifest.json HTTP/1.1" 200 -
::1 - - [29/Apr/2026 14:58:25] "GET /assets/data/shrine_offerings.json HTTP/1.1" 200 -
::1 - - [29/Apr/2026 14:58:26] "GET /assets/audio/buddha-music/music-01.mp3 HTTP/1.1" 200 -
----------------------------------------
Exception occurred during processing of request from ('::1', 54997, 0, 0)
Traceback (most recent call last):
  File "C:\Users\biung\AppData\Local\Programs\Python\Python312\Lib\socketserver.py", line 697, in process_request_thread
    self.finish_request(request, client_address)
  File "C:\Users\biung\AppData\Local\Programs\Python\Python312\Lib\http\server.py", line 1311, in finish_request
    self.RequestHandlerClass(request, client_address, self,
  File "C:\Users\biung\AppData\Local\Programs\Python\Python312\Lib\http\server.py", line 672, in __init__
    super().__init__(*args, **kwargs)
  File "C:\Users\biung\AppData\Local\Programs\Python\Python312\Lib\socketserver.py", line 766, in __init__
    self.handle()
  File "C:\Users\biung\AppData\Local\Programs\Python\Python312\Lib\http\server.py", line 436, in handle
    self.handle_one_request()
  File "C:\Users\biung\AppData\Local\Programs\Python\Python312\Lib\http\server.py", line 424, in handle_one_request
    method()
  File "C:\Users\biung\AppData\Local\Programs\Python\Python312\Lib\http\server.py", line 679, in do_GET
    self.copyfile(f, self.wfile)
  File "C:\Users\biung\AppData\Local\Programs\Python\Python312\Lib\http\server.py", line 878, in copyfile
    shutil.copyfileobj(source, outputfile)
  File "C:\Users\biung\AppData\Local\Programs\Python\Python312\Lib\shutil.py", line 204, in copyfileobj
    fdst_write(buf)
  File "C:\Users\biung\AppData\Local\Programs\Python\Python312\Lib\socketserver.py", line 845, in write
    self._sock.sendall(b)
ConnectionResetError: [WinError 10054] 遠端主機已強制關閉一個現存的連線。
----------------------------------------
::1 - - [29/Apr/2026 14:58:42] "GET / HTTP/1.1" 200 -
::1 - - [29/Apr/2026 14:59:21] "GET / HTTP/1.1" 200 -
::1 - - [29/Apr/2026 14:59:22] "GET /assets/data/gathas.json?v=20260428_layout_v4 HTTP/1.1" 200 -
::1 - - [29/Apr/2026 14:59:22] "GET /assets/audio/buddha-music/music_manifest.json HTTP/1.1" 200 -
::1 - - [29/Apr/2026 14:59:22] "GET /assets/data/shrine_offerings.json HTTP/1.1" 200 -
::1 - - [29/Apr/2026 14:59:22] "GET /assets/images/deities/shakyamuni.png?v=20260428_layout_v4 HTTP/1.1" 200 -
::1 - - [29/Apr/2026 14:59:22] "GET /assets/images/deities/amitabha.png?v=20260428_layout_v4 HTTP/1.1" 200 -
::1 - - [29/Apr/2026 14:59:22] "GET /assets/images/deities/vajrasattva.png?v=20260428_layout_v4 HTTP/1.1" 200 -
::1 - - [29/Apr/2026 14:59:22] "GET /assets/images/deities/yaoshi-buddha.png?v=20260428_layout_v4 HTTP/1.1" 200 -
::1 - - [29/Apr/2026 14:59:22] "GET /assets/images/deities/manjushri.png?v=20260428_layout_v4 HTTP/1.1" 200 -
::1 - - [29/Apr/2026 14:59:22] "GET /assets/images/deities/padmasambhava.png?v=20260428_layout_v4 HTTP/1.1" 200 -
::1 - - [29/Apr/2026 14:59:22] "GET /assets/images/deities/chenrezig-four-arm.png?v=20260428_layout_v4 HTTP/1.1" 200 -
::1 - - [29/Apr/2026 14:59:22] "GET /assets/images/deities/green-tara.png?v=20260428_layout_v4 HTTP/1.1" 200 -
::1 - - [29/Apr/2026 14:59:22] "GET /assets/images/deities/ksitigarbha.png?v=20260428_layout_v4 HTTP/1.1" 200 -
::1 - - [29/Apr/2026 14:59:22] "GET /assets/images/deities/yellow-jambhala.png?v=20260428_layout_v4 HTTP/1.1" 200 -
::1 - - [29/Apr/2026 14:59:22] "GET /assets/images/offerings/lamp.png?v=20260428_layout_v4 HTTP/1.1" 200 -
::1 - - [29/Apr/2026 14:59:22] "GET /assets/images/offerings/incense.png?v=20260428_layout_v4 HTTP/1.1" 200 -
::1 - - [29/Apr/2026 14:59:22] "GET /assets/images/offerings/water.png?v=20260428_layout_v4 HTTP/1.1" 200 -
::1 - - [29/Apr/2026 14:59:22] "GET /assets/images/offerings/flower.png?v=20260428_layout_v4 HTTP/1.1" 200 -
::1 - - [29/Apr/2026 14:59:22] "GET /assets/images/offerings/fruit.png?v=20260428_layout_v4 HTTP/1.1" 200 -
::1 - - [29/Apr/2026 14:59:22] "GET /assets/images/offerings/torma.png?v=20260428_layout_v4 HTTP/1.1" 200 -
::1 - - [29/Apr/2026 14:59:22] "GET /assets/images/offerings/mandala.png?v=20260428_layout_v4 HTTP/1.1" 200 -
::1 - - [29/Apr/2026 14:59:22] "GET /assets/images/symbols/parasol.png?v=20260428_layout_v4 HTTP/1.1" 200 -
::1 - - [29/Apr/2026 14:59:22] "GET /assets/images/symbols/golden-fish.png?v=20260428_layout_v4 HTTP/1.1" 200 -
::1 - - [29/Apr/2026 14:59:22] "GET /assets/images/symbols/treasure-vase.png?v=20260428_layout_v4 HTTP/1.1" 200 -
::1 - - [29/Apr/2026 14:59:22] "GET /assets/images/symbols/lotus.png?v=20260428_layout_v4 HTTP/1.1" 200 -
::1 - - [29/Apr/2026 14:59:22] "GET /assets/images/symbols/conch.png?v=20260428_layout_v4 HTTP/1.1" 200 -
::1 - - [29/Apr/2026 14:59:22] "GET /assets/images/symbols/endless-knot.png?v=20260428_layout_v4 HTTP/1.1" 200 -
::1 - - [29/Apr/2026 14:59:22] "GET /assets/images/symbols/victory-banner.png?v=20260428_layout_v4 HTTP/1.1" 200 -
::1 - - [29/Apr/2026 14:59:22] "GET /assets/images/symbols/dharma-wheel.png?v=20260428_layout_v4 HTTP/1.1" 200 -
::1 - - [29/Apr/2026 14:59:34] "GET / HTTP/1.1" 304 -
::1 - - [29/Apr/2026 14:59:34] "GET /assets/audio/buddha-music/music-01.mp3 HTTP/1.1" 200 -
----------------------------------------
Exception occurred during processing of request from ('::1', 55887, 0, 0)
Traceback (most recent call last):
  File "C:\Users\biung\AppData\Local\Programs\Python\Python312\Lib\socketserver.py", line 697, in process_request_thread
    self.finish_request(request, client_address)
  File "C:\Users\biung\AppData\Local\Programs\Python\Python312\Lib\http\server.py", line 1311, in finish_request
    self.RequestHandlerClass(request, client_address, self,
  File "C:\Users\biung\AppData\Local\Programs\Python\Python312\Lib\http\server.py", line 672, in __init__
    super().__init__(*args, **kwargs)
  File "C:\Users\biung\AppData\Local\Programs\Python\Python312\Lib\socketserver.py", line 766, in __init__
    self.handle()
  File "C:\Users\biung\AppData\Local\Programs\Python\Python312\Lib\http\server.py", line 436, in handle
    self.handle_one_request()
  File "C:\Users\biung\AppData\Local\Programs\Python\Python312\Lib\http\server.py", line 424, in handle_one_request
    method()
  File "C:\Users\biung\AppData\Local\Programs\Python\Python312\Lib\http\server.py", line 679, in do_GET
    self.copyfile(f, self.wfile)
  File "C:\Users\biung\AppData\Local\Programs\Python\Python312\Lib\http\server.py", line 878, in copyfile
    shutil.copyfileobj(source, outputfile)
  File "C:\Users\biung\AppData\Local\Programs\Python\Python312\Lib\shutil.py", line 204, in copyfileobj
    fdst_write(buf)
  File "C:\Users\biung\AppData\Local\Programs\Python\Python312\Lib\socketserver.py", line 845, in write
    self._sock.sendall(b)
ConnectionAbortedError: [WinError 10053] 連線已被您主機上的軟體中止。
----------------------------------------
::1 - - [29/Apr/2026 14:59:34] "GET /assets/data/gathas.json?v=20260428_layout_v4 HTTP/1.1" 200 -
::1 - - [29/Apr/2026 14:59:34] "GET /assets/audio/buddha-music/music_manifest.json HTTP/1.1" 200 -
::1 - - [29/Apr/2026 14:59:34] "GET /assets/data/shrine_offerings.json HTTP/1.1" 200 -
::1 - - [29/Apr/2026 14:59:44] "GET /assets/audio/buddha-music/music-01.mp3 HTTP/1.1" 200 -
----------------------------------------
Exception occurred during processing of request from ('::1', 61039, 0, 0)
Traceback (most recent call last):
  File "C:\Users\biung\AppData\Local\Programs\Python\Python312\Lib\socketserver.py", line 697, in process_request_thread
    self.finish_request(request, client_address)
  File "C:\Users\biung\AppData\Local\Programs\Python\Python312\Lib\http\server.py", line 1311, in finish_request
    self.RequestHandlerClass(request, client_address, self,
  File "C:\Users\biung\AppData\Local\Programs\Python\Python312\Lib\http\server.py", line 672, in __init__
    super().__init__(*args, **kwargs)
  File "C:\Users\biung\AppData\Local\Programs\Python\Python312\Lib\socketserver.py", line 766, in __init__
    self.handle()
  File "C:\Users\biung\AppData\Local\Programs\Python\Python312\Lib\http\server.py", line 436, in handle
    self.handle_one_request()
  File "C:\Users\biung\AppData\Local\Programs\Python\Python312\Lib\http\server.py", line 424, in handle_one_request
    method()
  File "C:\Users\biung\AppData\Local\Programs\Python\Python312\Lib\http\server.py", line 679, in do_GET
    self.copyfile(f, self.wfile)
  File "C:\Users\biung\AppData\Local\Programs\Python\Python312\Lib\http\server.py", line 878, in copyfile
    shutil.copyfileobj(source, outputfile)
  File "C:\Users\biung\AppData\Local\Programs\Python\Python312\Lib\shutil.py", line 204, in copyfileobj
    fdst_write(buf)
  File "C:\Users\biung\AppData\Local\Programs\Python\Python312\Lib\socketserver.py", line 845, in write
    self._sock.sendall(b)
ConnectionResetError: [WinError 10054] 遠端主機已強制關閉一個現存的連線。
----------------------------------------
::1 - - [29/Apr/2026 19:39:32] "GET /admin.html HTTP/1.1" 200 -
::1 - - [29/Apr/2026 19:39:32] "GET /assets/data/shrine_offerings.json HTTP/1.1" 200 -
::1 - - [29/Apr/2026 19:39:32] "GET /assets/data/gathas.json HTTP/1.1" 200 -
::1 - - [29/Apr/2026 19:54:27] "GET /assets/data/gathas.json?v=20260428_layout_v4 HTTP/1.1" 200 -
::1 - - [29/Apr/2026 19:54:27] "GET /assets/audio/buddha-music/music_manifest.json HTTP/1.1" 200 -
::1 - - [29/Apr/2026 19:54:27] "GET /assets/data/shrine_offerings.json HTTP/1.1" 200 -
::1 - - [29/Apr/2026 19:54:27] "GET /assets/images/deities/shakyamuni.png?v=20260428_layout_v4 HTTP/1.1" 200 -
::1 - - [29/Apr/2026 19:54:27] "GET /assets/images/deities/amitabha.png?v=20260428_layout_v4 HTTP/1.1" 200 -
::1 - - [29/Apr/2026 19:54:27] "GET /assets/images/deities/yellow-jambhala.png?v=20260428_layout_v4 HTTP/1.1" 200 -
::1 - - [29/Apr/2026 19:54:28] "GET /assets/audio/buddha-music/music-01.mp3 HTTP/1.1" 200 -
----------------------------------------
Exception occurred during processing of request from ('::1', 49993, 0, 0)
Traceback (most recent call last):
  File "C:\Users\biung\AppData\Local\Programs\Python\Python312\Lib\socketserver.py", line 697, in process_request_thread
    self.finish_request(request, client_address)
  File "C:\Users\biung\AppData\Local\Programs\Python\Python312\Lib\http\server.py", line 1311, in finish_request
    self.RequestHandlerClass(request, client_address, self,
  File "C:\Users\biung\AppData\Local\Programs\Python\Python312\Lib\http\server.py", line 672, in __init__
    super().__init__(*args, **kwargs)
  File "C:\Users\biung\AppData\Local\Programs\Python\Python312\Lib\socketserver.py", line 766, in __init__
    self.handle()
  File "C:\Users\biung\AppData\Local\Programs\Python\Python312\Lib\http\server.py", line 436, in handle
    self.handle_one_request()
  File "C:\Users\biung\AppData\Local\Programs\Python\Python312\Lib\http\server.py", line 424, in handle_one_request
    method()
  File "C:\Users\biung\AppData\Local\Programs\Python\Python312\Lib\http\server.py", line 679, in do_GET
    self.copyfile(f, self.wfile)
  File "C:\Users\biung\AppData\Local\Programs\Python\Python312\Lib\http\server.py", line 878, in copyfile
    shutil.copyfileobj(source, outputfile)
  File "C:\Users\biung\AppData\Local\Programs\Python\Python312\Lib\shutil.py", line 204, in copyfileobj
    fdst_write(buf)
  File "C:\Users\biung\AppData\Local\Programs\Python\Python312\Lib\socketserver.py", line 845, in write
    self._sock.sendall(b)
ConnectionResetError: [WinError 10054] 遠端主機已強制關閉一個現存的連線。
----------------------------------------
::1 - - [29/Apr/2026 20:00:10] "GET / HTTP/1.1" 200 -
::1 - - [29/Apr/2026 20:00:10] "GET /assets/data/gathas.json?v=20260428_layout_v4 HTTP/1.1" 200 -
::1 - - [29/Apr/2026 20:00:10] "GET /assets/images/deities/yaoshi-buddha.png?v=20260428_layout_v4 HTTP/1.1" 304 -
::1 - - [29/Apr/2026 20:00:10] "GET /assets/images/deities/vajrasattva.png?v=20260428_layout_v4 HTTP/1.1" 304 -
::1 - - [29/Apr/2026 20:00:10] "GET /assets/images/deities/padmasambhava.png?v=20260428_layout_v4 HTTP/1.1" 304 -
::1 - - [29/Apr/2026 20:00:10] "GET /assets/images/deities/manjushri.png?v=20260428_layout_v4 HTTP/1.1" 304 -
::1 - - [29/Apr/2026 20:00:10] "GET /assets/images/deities/green-tara.png?v=20260428_layout_v4 HTTP/1.1" 304 -
::1 - - [29/Apr/2026 20:00:10] "GET /assets/audio/buddha-music/music_manifest.json HTTP/1.1" 200 -
::1 - - [29/Apr/2026 20:00:10] "GET /assets/images/deities/chenrezig-four-arm.png?v=20260428_layout_v4 HTTP/1.1" 304 -
::1 - - [29/Apr/2026 20:00:10] "GET /assets/images/offerings/lamp.png?v=20260428_layout_v4 HTTP/1.1" 304 -
::1 - - [29/Apr/2026 20:00:10] "GET /assets/images/deities/ksitigarbha.png?v=20260428_layout_v4 HTTP/1.1" 304 -
::1 - - [29/Apr/2026 20:00:10] "GET /assets/images/offerings/incense.png?v=20260428_layout_v4 HTTP/1.1" 304 -
::1 - - [29/Apr/2026 20:00:10] "GET /assets/images/offerings/water.png?v=20260428_layout_v4 HTTP/1.1" 304 -
::1 - - [29/Apr/2026 20:00:10] "GET /assets/images/offerings/flower.png?v=20260428_layout_v4 HTTP/1.1" 304 -
::1 - - [29/Apr/2026 20:00:10] "GET /assets/images/offerings/torma.png?v=20260428_layout_v4 HTTP/1.1" 304 -
::1 - - [29/Apr/2026 20:00:10] "GET /assets/images/offerings/mandala.png?v=20260428_layout_v4 HTTP/1.1" 304 -
::1 - - [29/Apr/2026 20:00:10] "GET /assets/images/offerings/fruit.png?v=20260428_layout_v4 HTTP/1.1" 304 -
::1 - - [29/Apr/2026 20:00:10] "GET /assets/images/symbols/parasol.png?v=20260428_layout_v4 HTTP/1.1" 304 -
::1 - - [29/Apr/2026 20:00:10] "GET /assets/images/symbols/treasure-vase.png?v=20260428_layout_v4 HTTP/1.1" 304 -
::1 - - [29/Apr/2026 20:00:10] "GET /assets/images/symbols/lotus.png?v=20260428_layout_v4 HTTP/1.1" 304 -
::1 - - [29/Apr/2026 20:00:10] "GET /assets/images/symbols/golden-fish.png?v=20260428_layout_v4 HTTP/1.1" 304 -
::1 - - [29/Apr/2026 20:00:10] "GET /assets/images/symbols/conch.png?v=20260428_layout_v4 HTTP/1.1" 304 -
::1 - - [29/Apr/2026 20:00:10] "GET /assets/images/symbols/endless-knot.png?v=20260428_layout_v4 HTTP/1.1" 304 -
::1 - - [29/Apr/2026 20:00:10] "GET /assets/images/symbols/victory-banner.png?v=20260428_layout_v4 HTTP/1.1" 304 -
::1 - - [29/Apr/2026 20:00:10] "GET /assets/images/symbols/dharma-wheel.png?v=20260428_layout_v4 HTTP/1.1" 304 -
::1 - - [29/Apr/2026 20:00:10] "GET /assets/data/shrine_offerings.json HTTP/1.1" 200 -
::1 - - [29/Apr/2026 20:00:11] "GET /assets/audio/buddha-music/music-01.mp3 HTTP/1.1" 200 -
----------------------------------------
Exception occurred during processing of request from ('::1', 58225, 0, 0)
Traceback (most recent call last):
  File "C:\Users\biung\AppData\Local\Programs\Python\Python312\Lib\socketserver.py", line 697, in process_request_thread
    self.finish_request(request, client_address)
  File "C:\Users\biung\AppData\Local\Programs\Python\Python312\Lib\http\server.py", line 1311, in finish_request
    self.RequestHandlerClass(request, client_address, self,
  File "C:\Users\biung\AppData\Local\Programs\Python\Python312\Lib\http\server.py", line 672, in __init__
    super().__init__(*args, **kwargs)
  File "C:\Users\biung\AppData\Local\Programs\Python\Python312\Lib\socketserver.py", line 766, in __init__
    self.handle()
  File "C:\Users\biung\AppData\Local\Programs\Python\Python312\Lib\http\server.py", line 436, in handle
    self.handle_one_request()
  File "C:\Users\biung\AppData\Local\Programs\Python\Python312\Lib\http\server.py", line 424, in handle_one_request
    method()
  File "C:\Users\biung\AppData\Local\Programs\Python\Python312\Lib\http\server.py", line 679, in do_GET
    self.copyfile(f, self.wfile)
  File "C:\Users\biung\AppData\Local\Programs\Python\Python312\Lib\http\server.py", line 878, in copyfile
    shutil.copyfileobj(source, outputfile)
  File "C:\Users\biung\AppData\Local\Programs\Python\Python312\Lib\shutil.py", line 204, in copyfileobj
    fdst_write(buf)
  File "C:\Users\biung\AppData\Local\Programs\Python\Python312\Lib\socketserver.py", line 845, in write
    self._sock.sendall(b)
ConnectionResetError: [WinError 10054] 遠端主機已強制關閉一個現存的連線。
----------------------------------------
::1 - - [29/Apr/2026 20:01:01] "GET / HTTP/1.1" 200 -
::1 - - [29/Apr/2026 20:01:01] "GET /assets/data/gathas.json?v=20260428_layout_v4 HTTP/1.1" 200 -
::1 - - [29/Apr/2026 20:01:01] "GET /assets/audio/buddha-music/music_manifest.json HTTP/1.1" 200 -
::1 - - [29/Apr/2026 20:01:01] "GET /assets/data/shrine_offerings.json HTTP/1.1" 200 -
::1 - - [29/Apr/2026 20:01:02] "GET /assets/audio/buddha-music/music-01.mp3 HTTP/1.1" 200 -
----------------------------------------
Exception occurred during processing of request from ('::1', 64055, 0, 0)
Traceback (most recent call last):
  File "C:\Users\biung\AppData\Local\Programs\Python\Python312\Lib\socketserver.py", line 697, in process_request_thread
    self.finish_request(request, client_address)
  File "C:\Users\biung\AppData\Local\Programs\Python\Python312\Lib\http\server.py", line 1311, in finish_request
    self.RequestHandlerClass(request, client_address, self,
  File "C:\Users\biung\AppData\Local\Programs\Python\Python312\Lib\http\server.py", line 672, in __init__
    super().__init__(*args, **kwargs)
  File "C:\Users\biung\AppData\Local\Programs\Python\Python312\Lib\socketserver.py", line 766, in __init__
    self.handle()
  File "C:\Users\biung\AppData\Local\Programs\Python\Python312\Lib\http\server.py", line 436, in handle
    self.handle_one_request()
  File "C:\Users\biung\AppData\Local\Programs\Python\Python312\Lib\http\server.py", line 424, in handle_one_request
    method()
  File "C:\Users\biung\AppData\Local\Programs\Python\Python312\Lib\http\server.py", line 679, in do_GET
    self.copyfile(f, self.wfile)
  File "C:\Users\biung\AppData\Local\Programs\Python\Python312\Lib\http\server.py", line 878, in copyfile
    shutil.copyfileobj(source, outputfile)
  File "C:\Users\biung\AppData\Local\Programs\Python\Python312\Lib\shutil.py", line 204, in copyfileobj
    fdst_write(buf)
  File "C:\Users\biung\AppData\Local\Programs\Python\Python312\Lib\socketserver.py", line 845, in write
    self._sock.sendall(b)
ConnectionResetError: [WinError 10054] 遠端主機已強制關閉一個現存的連線。
----------------------------------------
::1 - - [29/Apr/2026 20:01:39] "GET / HTTP/1.1" 200 -
::1 - - [29/Apr/2026 20:01:39] "GET /assets/data/gathas.json?v=20260428_layout_v4 HTTP/1.1" 200 -
::1 - - [29/Apr/2026 20:01:39] "GET /assets/audio/buddha-music/music_manifest.json HTTP/1.1" 200 -
::1 - - [29/Apr/2026 20:01:39] "GET /assets/data/shrine_offerings.json HTTP/1.1" 200 -
::1 - - [29/Apr/2026 20:01:40] "GET /assets/audio/buddha-music/music-01.mp3 HTTP/1.1" 200 -
----------------------------------------
Exception occurred during processing of request from ('::1', 59135, 0, 0)
Traceback (most recent call last):
  File "C:\Users\biung\AppData\Local\Programs\Python\Python312\Lib\socketserver.py", line 697, in process_request_thread
    self.finish_request(request, client_address)
  File "C:\Users\biung\AppData\Local\Programs\Python\Python312\Lib\http\server.py", line 1311, in finish_request
    self.RequestHandlerClass(request, client_address, self,
  File "C:\Users\biung\AppData\Local\Programs\Python\Python312\Lib\http\server.py", line 672, in __init__
    super().__init__(*args, **kwargs)
  File "C:\Users\biung\AppData\Local\Programs\Python\Python312\Lib\socketserver.py", line 766, in __init__
    self.handle()
  File "C:\Users\biung\AppData\Local\Programs\Python\Python312\Lib\http\server.py", line 436, in handle
    self.handle_one_request()
  File "C:\Users\biung\AppData\Local\Programs\Python\Python312\Lib\http\server.py", line 424, in handle_one_request
    method()
  File "C:\Users\biung\AppData\Local\Programs\Python\Python312\Lib\http\server.py", line 679, in do_GET
    self.copyfile(f, self.wfile)
  File "C:\Users\biung\AppData\Local\Programs\Python\Python312\Lib\http\server.py", line 878, in copyfile
    shutil.copyfileobj(source, outputfile)
  File "C:\Users\biung\AppData\Local\Programs\Python\Python312\Lib\shutil.py", line 204, in copyfileobj
    fdst_write(buf)
  File "C:\Users\biung\AppData\Local\Programs\Python\Python312\Lib\socketserver.py", line 845, in write
    self._sock.sendall(b)
ConnectionResetError: [WinError 10054] 遠端主機已強制關閉一個現存的連線。
----------------------------------------
::1 - - [29/Apr/2026 20:03:03] "GET / HTTP/1.1" 200 -
::1 - - [29/Apr/2026 20:03:03] "GET /assets/data/gathas.json?v=20260428_layout_v4 HTTP/1.1" 200 -
::1 - - [29/Apr/2026 20:03:03] "GET /assets/audio/buddha-music/music_manifest.json HTTP/1.1" 200 -
::1 - - [29/Apr/2026 20:03:03] "GET /assets/data/shrine_offerings.json HTTP/1.1" 200 -
::1 - - [29/Apr/2026 20:03:05] "GET /assets/audio/buddha-music/music-01.mp3 HTTP/1.1" 200 -
----------------------------------------
Exception occurred during processing of request from ('::1', 64443, 0, 0)
Traceback (most recent call last):
  File "C:\Users\biung\AppData\Local\Programs\Python\Python312\Lib\socketserver.py", line 697, in process_request_thread
    self.finish_request(request, client_address)
  File "C:\Users\biung\AppData\Local\Programs\Python\Python312\Lib\http\server.py", line 1311, in finish_request
    self.RequestHandlerClass(request, client_address, self,
  File "C:\Users\biung\AppData\Local\Programs\Python\Python312\Lib\http\server.py", line 672, in __init__
    super().__init__(*args, **kwargs)
  File "C:\Users\biung\AppData\Local\Programs\Python\Python312\Lib\socketserver.py", line 766, in __init__
    self.handle()
  File "C:\Users\biung\AppData\Local\Programs\Python\Python312\Lib\http\server.py", line 436, in handle
    self.handle_one_request()
  File "C:\Users\biung\AppData\Local\Programs\Python\Python312\Lib\http\server.py", line 424, in handle_one_request
    method()
  File "C:\Users\biung\AppData\Local\Programs\Python\Python312\Lib\http\server.py", line 679, in do_GET
    self.copyfile(f, self.wfile)
  File "C:\Users\biung\AppData\Local\Programs\Python\Python312\Lib\http\server.py", line 878, in copyfile
    shutil.copyfileobj(source, outputfile)
  File "C:\Users\biung\AppData\Local\Programs\Python\Python312\Lib\shutil.py", line 204, in copyfileobj
    fdst_write(buf)
  File "C:\Users\biung\AppData\Local\Programs\Python\Python312\Lib\socketserver.py", line 845, in write
    self._sock.sendall(b)
ConnectionResetError: [WinError 10054] 遠端主機已強制關閉一個現存的連線。
----------------------------------------
::1 - - [29/Apr/2026 20:03:33] "GET / HTTP/1.1" 200 -
::1 - - [29/Apr/2026 20:03:37] "GET / HTTP/1.1" 200 -
::1 - - [29/Apr/2026 20:03:37] "GET /assets/data/gathas.json?v=20260428_layout_v4 HTTP/1.1" 200 -
::1 - - [29/Apr/2026 20:03:37] "GET /assets/audio/buddha-music/music_manifest.json HTTP/1.1" 200 -
::1 - - [29/Apr/2026 20:03:37] "GET /assets/data/shrine_offerings.json HTTP/1.1" 200 -
::1 - - [29/Apr/2026 20:03:39] "GET /assets/audio/buddha-music/music-01.mp3 HTTP/1.1" 200 -
----------------------------------------
Exception occurred during processing of request from ('::1', 52739, 0, 0)
Traceback (most recent call last):
  File "C:\Users\biung\AppData\Local\Programs\Python\Python312\Lib\socketserver.py", line 697, in process_request_thread
    self.finish_request(request, client_address)
  File "C:\Users\biung\AppData\Local\Programs\Python\Python312\Lib\http\server.py", line 1311, in finish_request
    self.RequestHandlerClass(request, client_address, self,
  File "C:\Users\biung\AppData\Local\Programs\Python\Python312\Lib\http\server.py", line 672, in __init__
    super().__init__(*args, **kwargs)
  File "C:\Users\biung\AppData\Local\Programs\Python\Python312\Lib\socketserver.py", line 766, in __init__
    self.handle()
  File "C:\Users\biung\AppData\Local\Programs\Python\Python312\Lib\http\server.py", line 436, in handle
    self.handle_one_request()
  File "C:\Users\biung\AppData\Local\Programs\Python\Python312\Lib\http\server.py", line 424, in handle_one_request
    method()
  File "C:\Users\biung\AppData\Local\Programs\Python\Python312\Lib\http\server.py", line 679, in do_GET
    self.copyfile(f, self.wfile)
  File "C:\Users\biung\AppData\Local\Programs\Python\Python312\Lib\http\server.py", line 878, in copyfile
    shutil.copyfileobj(source, outputfile)
  File "C:\Users\biung\AppData\Local\Programs\Python\Python312\Lib\shutil.py", line 204, in copyfileobj
    fdst_write(buf)
  File "C:\Users\biung\AppData\Local\Programs\Python\Python312\Lib\socketserver.py", line 845, in write
    self._sock.sendall(b)
ConnectionResetError: [WinError 10054] 遠端主機已強制關閉一個現存的連線。
----------------------------------------
::1 - - [29/Apr/2026 20:04:50] "GET / HTTP/1.1" 200 -
::1 - - [29/Apr/2026 20:04:56] "GET /assets/data/gathas.json?v=20260428_layout_v4 HTTP/1.1" 200 -
::1 - - [29/Apr/2026 20:04:56] "GET /assets/audio/buddha-music/music_manifest.json HTTP/1.1" 200 -
::1 - - [29/Apr/2026 20:04:56] "GET /assets/data/shrine_offerings.json HTTP/1.1" 200 -
::1 - - [29/Apr/2026 20:04:56] "GET /assets/images/deities/shakyamuni.png?v=20260428_layout_v4 HTTP/1.1" 200 -
::1 - - [29/Apr/2026 20:04:56] "GET /assets/images/deities/amitabha.png?v=20260428_layout_v4 HTTP/1.1" 200 -
::1 - - [29/Apr/2026 20:04:56] "GET /assets/images/deities/yaoshi-buddha.png?v=20260428_layout_v4 HTTP/1.1" 200 -
::1 - - [29/Apr/2026 20:04:56] "GET /assets/images/deities/vajrasattva.png?v=20260428_layout_v4 HTTP/1.1" 200 -
::1 - - [29/Apr/2026 20:04:56] "GET /assets/images/deities/padmasambhava.png?v=20260428_layout_v4 HTTP/1.1" 200 -
::1 - - [29/Apr/2026 20:04:56] "GET /assets/images/deities/manjushri.png?v=20260428_layout_v4 HTTP/1.1" 200 -
::1 - - [29/Apr/2026 20:04:56] "GET /assets/images/deities/chenrezig-four-arm.png?v=20260428_layout_v4 HTTP/1.1" 200 -
::1 - - [29/Apr/2026 20:04:56] "GET /assets/images/deities/green-tara.png?v=20260428_layout_v4 HTTP/1.1" 200 -
::1 - - [29/Apr/2026 20:04:56] "GET /assets/images/deities/ksitigarbha.png?v=20260428_layout_v4 HTTP/1.1" 200 -
::1 - - [29/Apr/2026 20:04:56] "GET /assets/images/deities/yellow-jambhala.png?v=20260428_layout_v4 HTTP/1.1" 200 -
::1 - - [29/Apr/2026 20:04:56] "GET /assets/images/offerings/lamp.png?v=20260428_layout_v4 HTTP/1.1" 200 -
::1 - - [29/Apr/2026 20:04:56] "GET /assets/images/offerings/incense.png?v=20260428_layout_v4 HTTP/1.1" 200 -
::1 - - [29/Apr/2026 20:04:57] "GET /assets/images/offerings/water.png?v=20260428_layout_v4 HTTP/1.1" 200 -
::1 - - [29/Apr/2026 20:04:57] "GET /assets/images/offerings/flower.png?v=20260428_layout_v4 HTTP/1.1" 200 -
::1 - - [29/Apr/2026 20:04:57] "GET /assets/images/offerings/fruit.png?v=20260428_layout_v4 HTTP/1.1" 200 -
::1 - - [29/Apr/2026 20:04:57] "GET /assets/images/offerings/torma.png?v=20260428_layout_v4 HTTP/1.1" 200 -
::1 - - [29/Apr/2026 20:04:57] "GET /assets/images/offerings/mandala.png?v=20260428_layout_v4 HTTP/1.1" 200 -
::1 - - [29/Apr/2026 20:04:57] "GET /assets/images/symbols/parasol.png?v=20260428_layout_v4 HTTP/1.1" 200 -
::1 - - [29/Apr/2026 20:04:57] "GET /assets/images/symbols/treasure-vase.png?v=20260428_layout_v4 HTTP/1.1" 200 -
::1 - - [29/Apr/2026 20:04:57] "GET /assets/images/symbols/golden-fish.png?v=20260428_layout_v4 HTTP/1.1" 200 -
::1 - - [29/Apr/2026 20:04:57] "GET /assets/images/symbols/lotus.png?v=20260428_layout_v4 HTTP/1.1" 200 -
::1 - - [29/Apr/2026 20:04:57] "GET /assets/images/symbols/conch.png?v=20260428_layout_v4 HTTP/1.1" 200 -
::1 - - [29/Apr/2026 20:04:57] "GET /assets/images/symbols/endless-knot.png?v=20260428_layout_v4 HTTP/1.1" 200 -
::1 - - [29/Apr/2026 20:04:57] "GET /assets/images/symbols/victory-banner.png?v=20260428_layout_v4 HTTP/1.1" 200 -
::1 - - [29/Apr/2026 20:04:57] "GET /assets/images/symbols/dharma-wheel.png?v=20260428_layout_v4 HTTP/1.1" 200 -
::1 - - [29/Apr/2026 20:05:10] "GET / HTTP/1.1" 304 -
::1 - - [29/Apr/2026 20:05:10] "GET /assets/data/gathas.json?v=20260428_layout_v4 HTTP/1.1" 200 -
::1 - - [29/Apr/2026 20:05:10] "GET /assets/audio/buddha-music/music_manifest.json HTTP/1.1" 200 -
::1 - - [29/Apr/2026 20:05:10] "GET / HTTP/1.1" 304 -
::1 - - [29/Apr/2026 20:05:10] "GET /assets/data/shrine_offerings.json HTTP/1.1" 200 -
::1 - - [29/Apr/2026 20:05:12] "GET /assets/audio/buddha-music/music-01.mp3 HTTP/1.1" 200 -
::1 - - [29/Apr/2026 20:05:12] "GET /assets/data/gathas.json?v=20260428_layout_v4 HTTP/1.1" 200 -
::1 - - [29/Apr/2026 20:05:12] "GET /assets/audio/buddha-music/music_manifest.json HTTP/1.1" 200 -
::1 - - [29/Apr/2026 20:05:12] "GET /assets/data/shrine_offerings.json HTTP/1.1" 200 -
::1 - - [29/Apr/2026 20:05:24] "GET /assets/audio/buddha-music/music-01.mp3 HTTP/1.1" 200 -
----------------------------------------
Exception occurred during processing of request from ('::1', 55586, 0, 0)
Traceback (most recent call last):
  File "C:\Users\biung\AppData\Local\Programs\Python\Python312\Lib\socketserver.py", line 697, in process_request_thread
    self.finish_request(request, client_address)
  File "C:\Users\biung\AppData\Local\Programs\Python\Python312\Lib\http\server.py", line 1311, in finish_request
    self.RequestHandlerClass(request, client_address, self,
  File "C:\Users\biung\AppData\Local\Programs\Python\Python312\Lib\http\server.py", line 672, in __init__
    super().__init__(*args, **kwargs)
  File "C:\Users\biung\AppData\Local\Programs\Python\Python312\Lib\socketserver.py", line 766, in __init__
    self.handle()
  File "C:\Users\biung\AppData\Local\Programs\Python\Python312\Lib\http\server.py", line 436, in handle
    self.handle_one_request()
  File "C:\Users\biung\AppData\Local\Programs\Python\Python312\Lib\http\server.py", line 424, in handle_one_request
    method()
  File "C:\Users\biung\AppData\Local\Programs\Python\Python312\Lib\http\server.py", line 679, in do_GET
    self.copyfile(f, self.wfile)
  File "C:\Users\biung\AppData\Local\Programs\Python\Python312\Lib\http\server.py", line 878, in copyfile
    shutil.copyfileobj(source, outputfile)
  File "C:\Users\biung\AppData\Local\Programs\Python\Python312\Lib\shutil.py", line 204, in copyfileobj
    fdst_write(buf)
  File "C:\Users\biung\AppData\Local\Programs\Python\Python312\Lib\socketserver.py", line 845, in write
    self._sock.sendall(b)
ConnectionResetError: [WinError 10054] 遠端主機已強制關閉一個現存的連線。
----------------------------------------
----------------------------------------
Exception occurred during processing of request from ('::1', 54199, 0, 0)
Traceback (most recent call last):
  File "C:\Users\biung\AppData\Local\Programs\Python\Python312\Lib\socketserver.py", line 697, in process_request_thread
    self.finish_request(request, client_address)
  File "C:\Users\biung\AppData\Local\Programs\Python\Python312\Lib\http\server.py", line 1311, in finish_request
    self.RequestHandlerClass(request, client_address, self,
  File "C:\Users\biung\AppData\Local\Programs\Python\Python312\Lib\http\server.py", line 672, in __init__
    super().__init__(*args, **kwargs)
  File "C:\Users\biung\AppData\Local\Programs\Python\Python312\Lib\socketserver.py", line 766, in __init__
    self.handle()
  File "C:\Users\biung\AppData\Local\Programs\Python\Python312\Lib\http\server.py", line 436, in handle
    self.handle_one_request()
  File "C:\Users\biung\AppData\Local\Programs\Python\Python312\Lib\http\server.py", line 424, in handle_one_request
    method()
  File "C:\Users\biung\AppData\Local\Programs\Python\Python312\Lib\http\server.py", line 679, in do_GET
    self.copyfile(f, self.wfile)
  File "C:\Users\biung\AppData\Local\Programs\Python\Python312\Lib\http\server.py", line 878, in copyfile
    shutil.copyfileobj(source, outputfile)
  File "C:\Users\biung\AppData\Local\Programs\Python\Python312\Lib\shutil.py", line 204, in copyfileobj
    fdst_write(buf)
  File "C:\Users\biung\AppData\Local\Programs\Python\Python312\Lib\socketserver.py", line 845, in write
    self._sock.sendall(b)
ConnectionResetError: [WinError 10054] 遠端主機已強制關閉一個現存的連線。
----------------------------------------
::1 - - [29/Apr/2026 20:05:46] "GET / HTTP/1.1" 304 -
::1 - - [29/Apr/2026 20:05:46] "GET /assets/data/gathas.json?v=20260428_layout_v4 HTTP/1.1" 200 -
::1 - - [29/Apr/2026 20:05:46] "GET /assets/audio/buddha-music/music_manifest.json HTTP/1.1" 200 -
::1 - - [29/Apr/2026 20:05:46] "GET /assets/data/shrine_offerings.json HTTP/1.1" 200 -
::1 - - [29/Apr/2026 20:05:48] "GET /assets/audio/buddha-music/music-01.mp3 HTTP/1.1" 200 -
----------------------------------------
Exception occurred during processing of request from ('::1', 53459, 0, 0)
Traceback (most recent call last):
  File "C:\Users\biung\AppData\Local\Programs\Python\Python312\Lib\socketserver.py", line 697, in process_request_thread
    self.finish_request(request, client_address)
  File "C:\Users\biung\AppData\Local\Programs\Python\Python312\Lib\http\server.py", line 1311, in finish_request
    self.RequestHandlerClass(request, client_address, self,
  File "C:\Users\biung\AppData\Local\Programs\Python\Python312\Lib\http\server.py", line 672, in __init__
    super().__init__(*args, **kwargs)
  File "C:\Users\biung\AppData\Local\Programs\Python\Python312\Lib\socketserver.py", line 766, in __init__
    self.handle()
  File "C:\Users\biung\AppData\Local\Programs\Python\Python312\Lib\http\server.py", line 436, in handle
    self.handle_one_request()
  File "C:\Users\biung\AppData\Local\Programs\Python\Python312\Lib\http\server.py", line 424, in handle_one_request
    method()
  File "C:\Users\biung\AppData\Local\Programs\Python\Python312\Lib\http\server.py", line 679, in do_GET
    self.copyfile(f, self.wfile)
  File "C:\Users\biung\AppData\Local\Programs\Python\Python312\Lib\http\server.py", line 878, in copyfile
    shutil.copyfileobj(source, outputfile)
  File "C:\Users\biung\AppData\Local\Programs\Python\Python312\Lib\shutil.py", line 204, in copyfileobj
    fdst_write(buf)
  File "C:\Users\biung\AppData\Local\Programs\Python\Python312\Lib\socketserver.py", line 845, in write
    self._sock.sendall(b)
ConnectionResetError: [WinError 10054] 遠端主機已強制關閉一個現存的連線。
----------------------------------------
::1 - - [29/Apr/2026 20:08:23] "GET / HTTP/1.1" 304 -
::1 - - [29/Apr/2026 20:08:24] "GET /assets/data/gathas.json?v=20260428_layout_v4 HTTP/1.1" 200 -
::1 - - [29/Apr/2026 20:08:24] "GET /assets/audio/buddha-music/music_manifest.json HTTP/1.1" 200 -
::1 - - [29/Apr/2026 20:08:24] "GET /assets/data/shrine_offerings.json HTTP/1.1" 200 -
::1 - - [29/Apr/2026 20:08:25] "GET /assets/audio/buddha-music/music-01.mp3 HTTP/1.1" 200 -
----------------------------------------
Exception occurred during processing of request from ('::1', 50604, 0, 0)
Traceback (most recent call last):
  File "C:\Users\biung\AppData\Local\Programs\Python\Python312\Lib\socketserver.py", line 697, in process_request_thread
    self.finish_request(request, client_address)
  File "C:\Users\biung\AppData\Local\Programs\Python\Python312\Lib\http\server.py", line 1311, in finish_request
    self.RequestHandlerClass(request, client_address, self,
  File "C:\Users\biung\AppData\Local\Programs\Python\Python312\Lib\http\server.py", line 672, in __init__
    super().__init__(*args, **kwargs)
  File "C:\Users\biung\AppData\Local\Programs\Python\Python312\Lib\socketserver.py", line 766, in __init__
    self.handle()
  File "C:\Users\biung\AppData\Local\Programs\Python\Python312\Lib\http\server.py", line 436, in handle
    self.handle_one_request()
  File "C:\Users\biung\AppData\Local\Programs\Python\Python312\Lib\http\server.py", line 424, in handle_one_request
    method()
  File "C:\Users\biung\AppData\Local\Programs\Python\Python312\Lib\http\server.py", line 679, in do_GET
    self.copyfile(f, self.wfile)
  File "C:\Users\biung\AppData\Local\Programs\Python\Python312\Lib\http\server.py", line 878, in copyfile
    shutil.copyfileobj(source, outputfile)
  File "C:\Users\biung\AppData\Local\Programs\Python\Python312\Lib\shutil.py", line 204, in copyfileobj
    fdst_write(buf)
  File "C:\Users\biung\AppData\Local\Programs\Python\Python312\Lib\socketserver.py", line 845, in write
    self._sock.sendall(b)
ConnectionResetError: [WinError 10054] 遠端主機已強制關閉一個現存的連線。
----------------------------------------
::1 - - [29/Apr/2026 20:19:08] "GET /assets/audio/buddha-music/music-01.mp3 HTTP/1.1" 200 -
::1 - - [29/Apr/2026 20:19:08] code 404, message File not found
::1 - - [29/Apr/2026 20:19:08] "GET /favicon.ico HTTP/1.1" 404 -
::1 - - [29/Apr/2026 20:20:40] "GET / HTTP/1.1" 304 -
----------------------------------------
Exception occurred during processing of request from ('::1', 61299, 0, 0)
Traceback (most recent call last):
  File "C:\Users\biung\AppData\Local\Programs\Python\Python312\Lib\socketserver.py", line 697, in process_request_thread
    self.finish_request(request, client_address)
  File "C:\Users\biung\AppData\Local\Programs\Python\Python312\Lib\http\server.py", line 1311, in finish_request
    self.RequestHandlerClass(request, client_address, self,
  File "C:\Users\biung\AppData\Local\Programs\Python\Python312\Lib\http\server.py", line 672, in __init__
    super().__init__(*args, **kwargs)
  File "C:\Users\biung\AppData\Local\Programs\Python\Python312\Lib\socketserver.py", line 766, in __init__
    self.handle()
  File "C:\Users\biung\AppData\Local\Programs\Python\Python312\Lib\http\server.py", line 436, in handle
    self.handle_one_request()
  File "C:\Users\biung\AppData\Local\Programs\Python\Python312\Lib\http\server.py", line 424, in handle_one_request
    method()
  File "C:\Users\biung\AppData\Local\Programs\Python\Python312\Lib\http\server.py", line 679, in do_GET
    self.copyfile(f, self.wfile)
  File "C:\Users\biung\AppData\Local\Programs\Python\Python312\Lib\http\server.py", line 878, in copyfile
    shutil.copyfileobj(source, outputfile)
  File "C:\Users\biung\AppData\Local\Programs\Python\Python312\Lib\shutil.py", line 204, in copyfileobj
    fdst_write(buf)
  File "C:\Users\biung\AppData\Local\Programs\Python\Python312\Lib\socketserver.py", line 845, in write
    self._sock.sendall(b)
ConnectionResetError: [WinError 10054] 遠端主機已強制關閉一個現存的連線。
----------------------------------------
::1 - - [29/Apr/2026 20:20:40] "GET /assets/data/gathas.json?v=20260428_layout_v4 HTTP/1.1" 200 -
::1 - - [29/Apr/2026 20:20:40] "GET /assets/audio/buddha-music/music_manifest.json HTTP/1.1" 200 -
::1 - - [29/Apr/2026 20:20:40] "GET /assets/data/shrine_offerings.json HTTP/1.1" 200 -
::1 - - [29/Apr/2026 20:20:42] "GET /assets/audio/buddha-music/music-01.mp3 HTTP/1.1" 200 -
----------------------------------------
Exception occurred during processing of request from ('::1', 63050, 0, 0)
Traceback (most recent call last):
  File "C:\Users\biung\AppData\Local\Programs\Python\Python312\Lib\socketserver.py", line 697, in process_request_thread
    self.finish_request(request, client_address)
  File "C:\Users\biung\AppData\Local\Programs\Python\Python312\Lib\http\server.py", line 1311, in finish_request
    self.RequestHandlerClass(request, client_address, self,
  File "C:\Users\biung\AppData\Local\Programs\Python\Python312\Lib\http\server.py", line 672, in __init__
    super().__init__(*args, **kwargs)
  File "C:\Users\biung\AppData\Local\Programs\Python\Python312\Lib\socketserver.py", line 766, in __init__
    self.handle()
  File "C:\Users\biung\AppData\Local\Programs\Python\Python312\Lib\http\server.py", line 436, in handle
    self.handle_one_request()
  File "C:\Users\biung\AppData\Local\Programs\Python\Python312\Lib\http\server.py", line 424, in handle_one_request
    method()
  File "C:\Users\biung\AppData\Local\Programs\Python\Python312\Lib\http\server.py", line 679, in do_GET
    self.copyfile(f, self.wfile)
  File "C:\Users\biung\AppData\Local\Programs\Python\Python312\Lib\http\server.py", line 878, in copyfile
    shutil.copyfileobj(source, outputfile)
  File "C:\Users\biung\AppData\Local\Programs\Python\Python312\Lib\shutil.py", line 204, in copyfileobj
    fdst_write(buf)
  File "C:\Users\biung\AppData\Local\Programs\Python\Python312\Lib\socketserver.py", line 845, in write
    self._sock.sendall(b)
ConnectionResetError: [WinError 10054] 遠端主機已強制關閉一個現存的連線。
----------------------------------------
